model_name,model_family,dataset,f1,f1_lower,f1_upper,type
gpt-neo-few-shot-k-32-finetuned-seed-0,gpt-neo,squad,56.88775314601369,0.8360116415368068,0.8697546740549171,fewshot
gpt-neo-few-shot-k-32-finetuned-seed-0,gpt-neo,squadshifts_nyt,58.99157477998915,0.8475053912406452,0.8545109093223431,fewshot
gpt-neo-few-shot-k-32-finetuned-seed-0,gpt-neo,squadshifts_amazon,53.278426563261405,0.8896256567508019,0.8609243782915996,fewshot
gpt-neo-few-shot-k-32-finetuned-seed-0,gpt-neo,squadshifts_reddit,54.44179604276041,0.8756058833519589,0.966498156679954,fewshot
gpt-neo-few-shot-k-32-finetuned-seed-0,gpt-neo,squadshifts_new_wiki,52.23562027695262,0.9007563580040525,1.0177644887688686,fewshot
gpt-neo-few-shot-k-32-finetuned-seed-0,gpt-neo,race,32.608334626138785,2.8908895053182952,3.1615208275074735,fewshot
gpt-neo-few-shot-k-32-finetuned-seed-0,gpt-neo,relationextraction,76.81498792930287,1.4952515683097403,1.3449801978888019,fewshot
gpt-neo-few-shot-k-32-finetuned-seed-0,gpt-neo,textbookqa,40.20609574501789,2.297203212622364,2.152608803556916,fewshot
gpt-neo-few-shot-k-32-finetuned-seed-0,gpt-neo,bioasq,63.01404467166349,2.4034667741664038,2.3073536937889614,fewshot
gpt-neo-few-shot-k-32-finetuned-seed-0,gpt-neo,drop,35.23719756254686,2.1816433271024067,2.31747087834912,fewshot
gpt-neo-few-shot-k-32-finetuned-seed-0,gpt-neo,newsqa,43.91472020683102,1.3594623110319404,1.3031584606680369,fewshot
gpt-neo-few-shot-k-32-finetuned-seed-0,gpt-neo,duorc.paraphraserc,48.55707306240283,2.3130227996150694,2.353753582267913,fewshot
gpt-neo-few-shot-k-32-finetuned-seed-0,gpt-neo,triviaqa-web,68.15558558333137,0.9607391235041831,1.011163937753409,fewshot
gpt-neo-few-shot-k-32-finetuned-seed-0,gpt-neo,searchqa,43.02603916826576,0.658647282896851,0.6847885403755498,fewshot
gpt-neo-few-shot-k-32-finetuned-seed-0,gpt-neo,hotpotqa,49.010413366031145,1.1211663224713533,1.106074324707059,fewshot
gpt-neo-few-shot-k-32-finetuned-seed-0,gpt-neo,naturalquestionsshort,45.88901757788482,0.7493385542560844,0.7212971003302187,fewshot
gpt-neo-few-shot-k-16-finetuned-seed-0,gpt-neo,squad,48.612405458712566,0.8282892025299091,0.8715466852994354,fewshot
gpt-neo-few-shot-k-16-finetuned-seed-0,gpt-neo,squadshifts_nyt,49.98538209360025,0.9365894899282736,0.8500324039968064,fewshot
gpt-neo-few-shot-k-16-finetuned-seed-0,gpt-neo,squadshifts_amazon,44.40984425048555,0.8742687429822737,0.8572951807355125,fewshot
gpt-neo-few-shot-k-16-finetuned-seed-0,gpt-neo,squadshifts_reddit,46.11216386104456,0.8245719467765866,0.9348348242531728,fewshot
gpt-neo-few-shot-k-16-finetuned-seed-0,gpt-neo,squadshifts_new_wiki,45.06945269014438,0.8728267822747995,1.0075752062141845,fewshot
gpt-neo-few-shot-k-16-finetuned-seed-0,gpt-neo,race,30.52441541313945,3.217001511511903,3.2818145422002942,fewshot
gpt-neo-few-shot-k-16-finetuned-seed-0,gpt-neo,relationextraction,73.24770040000725,1.3991661135489437,1.4390585198758288,fewshot
gpt-neo-few-shot-k-16-finetuned-seed-0,gpt-neo,textbookqa,37.14364108575688,2.3473025459053716,2.266446147184638,fewshot
gpt-neo-few-shot-k-16-finetuned-seed-0,gpt-neo,bioasq,61.146825922130944,2.284003377332887,2.3287679621085076,fewshot
gpt-neo-few-shot-k-16-finetuned-seed-0,gpt-neo,drop,34.413765062467654,2.258413068043801,2.2226393773299975,fewshot
gpt-neo-few-shot-k-16-finetuned-seed-0,gpt-neo,newsqa,38.82202156343581,1.2523442160267209,1.3982924751290682,fewshot
gpt-neo-few-shot-k-16-finetuned-seed-0,gpt-neo,duorc.paraphraserc,44.19374873405518,2.460409482811194,2.3457566750371655,fewshot
gpt-neo-few-shot-k-16-finetuned-seed-0,gpt-neo,triviaqa-web,65.135608771447,1.0083233935835807,1.0019382512156199,fewshot
gpt-neo-few-shot-k-16-finetuned-seed-0,gpt-neo,searchqa,32.72003265024479,0.7033401276777127,0.6470648029171571,fewshot
gpt-neo-few-shot-k-16-finetuned-seed-0,gpt-neo,hotpotqa,44.00129404196521,1.032730236003033,1.1964038229709573,fewshot
gpt-neo-few-shot-k-16-finetuned-seed-0,gpt-neo,naturalquestionsshort,43.4905582497976,0.7246959933352386,0.770673554892241,fewshot
gpt-neo-few-shot-k-1024-finetuned-seed-2,gpt-neo,squad,77.13132659978064,0.7145978892436347,0.7232422017605131,fewshot
gpt-neo-few-shot-k-1024-finetuned-seed-2,gpt-neo,squadshifts_nyt,77.09728993094544,0.7405914490261267,0.7566279297407164,fewshot
gpt-neo-few-shot-k-1024-finetuned-seed-2,gpt-neo,squadshifts_amazon,69.19622045612397,0.8468984769472456,0.8037460376885548,fewshot
gpt-neo-few-shot-k-1024-finetuned-seed-2,gpt-neo,squadshifts_reddit,70.40979077519087,0.7467646800267858,0.8510416812471959,fewshot
gpt-neo-few-shot-k-1024-finetuned-seed-2,gpt-neo,squadshifts_new_wiki,74.90037687051333,0.8551362981266237,0.884606490597946,fewshot
gpt-neo-few-shot-k-1024-finetuned-seed-2,gpt-neo,race,40.86763309976394,3.378460807645986,3.316417660803971,fewshot
gpt-neo-few-shot-k-1024-finetuned-seed-2,gpt-neo,relationextraction,79.3660772054898,1.294000554134584,1.251910827729887,fewshot
gpt-neo-few-shot-k-1024-finetuned-seed-2,gpt-neo,textbookqa,50.6685897065663,2.446746343354363,2.2686508213940897,fewshot
gpt-neo-few-shot-k-1024-finetuned-seed-2,gpt-neo,bioasq,64.18638796690487,2.181365450142792,2.360675399615346,fewshot
gpt-neo-few-shot-k-1024-finetuned-seed-2,gpt-neo,drop,32.25689122579555,2.0702331168110426,2.2573340664657735,fewshot
gpt-neo-few-shot-k-1024-finetuned-seed-2,gpt-neo,newsqa,52.67625489881452,1.34137216311035,1.357711481993917,fewshot
gpt-neo-few-shot-k-1024-finetuned-seed-2,gpt-neo,duorc.paraphraserc,56.37851193147655,2.3249433269002893,2.33782448859904,fewshot
gpt-neo-few-shot-k-1024-finetuned-seed-2,gpt-neo,triviaqa-web,68.24323981164076,0.9680692140231457,1.0778408453743822,fewshot
gpt-neo-few-shot-k-1024-finetuned-seed-2,gpt-neo,searchqa,39.48394281448915,0.6256753806980697,0.6592300025223707,fewshot
gpt-neo-few-shot-k-1024-finetuned-seed-2,gpt-neo,hotpotqa,58.62678164735697,1.0905707776554934,1.0403296434150775,fewshot
gpt-neo-few-shot-k-1024-finetuned-seed-2,gpt-neo,naturalquestionsshort,56.38388604823268,0.733944600024877,0.7372450111366078,fewshot
gpt-neo-few-shot-k-512-finetuned-seed-2,gpt-neo,squad,75.0883040320624,0.6628978550791658,0.6914117825777595,fewshot
gpt-neo-few-shot-k-512-finetuned-seed-2,gpt-neo,squadshifts_nyt,74.6002077216809,0.7271386423842898,0.6944055865137244,fewshot
gpt-neo-few-shot-k-512-finetuned-seed-2,gpt-neo,squadshifts_amazon,67.11516091368343,0.8753349516066464,0.8597010298295658,fewshot
gpt-neo-few-shot-k-512-finetuned-seed-2,gpt-neo,squadshifts_reddit,68.1890458204653,0.7619414197419445,0.8681832514487127,fewshot
gpt-neo-few-shot-k-512-finetuned-seed-2,gpt-neo,squadshifts_new_wiki,72.07558628763536,0.8181287637576702,0.8975984480541257,fewshot
gpt-neo-few-shot-k-512-finetuned-seed-2,gpt-neo,race,41.44137419933852,3.142282028417931,3.2252996619767345,fewshot
gpt-neo-few-shot-k-512-finetuned-seed-2,gpt-neo,relationextraction,78.04043649701737,1.3876885778176273,1.3211883237746775,fewshot
gpt-neo-few-shot-k-512-finetuned-seed-2,gpt-neo,textbookqa,49.93015764061901,2.4336456369742123,2.4060067038228965,fewshot
gpt-neo-few-shot-k-512-finetuned-seed-2,gpt-neo,bioasq,63.067712114758606,2.229791217752748,2.1123864952434417,fewshot
gpt-neo-few-shot-k-512-finetuned-seed-2,gpt-neo,drop,37.126546572731584,2.4901728154780685,2.347922090372961,fewshot
gpt-neo-few-shot-k-512-finetuned-seed-2,gpt-neo,newsqa,51.16035928106528,1.3789900605297447,1.3130308366332812,fewshot
gpt-neo-few-shot-k-512-finetuned-seed-2,gpt-neo,duorc.paraphraserc,54.45443149640347,2.1940765069928574,2.331951900531209,fewshot
gpt-neo-few-shot-k-512-finetuned-seed-2,gpt-neo,triviaqa-web,67.60089286293537,0.9603229283384564,0.9115774915870105,fewshot
gpt-neo-few-shot-k-512-finetuned-seed-2,gpt-neo,searchqa,34.43855616465279,0.665234965049379,0.7090328050307306,fewshot
gpt-neo-few-shot-k-512-finetuned-seed-2,gpt-neo,hotpotqa,56.16778868257132,1.1486987698574538,1.0907299818934462,fewshot
gpt-neo-few-shot-k-512-finetuned-seed-2,gpt-neo,naturalquestionsshort,56.0614701778087,0.7223444632818214,0.8016260086911373,fewshot
gpt-neo-few-shot-k-256-finetuned-seed-2,gpt-neo,squad,72.13930114695299,0.758462848426376,0.7860189418740191,fewshot
gpt-neo-few-shot-k-256-finetuned-seed-2,gpt-neo,squadshifts_nyt,72.50892059790134,0.8224827943031272,0.7606245147271693,fewshot
gpt-neo-few-shot-k-256-finetuned-seed-2,gpt-neo,squadshifts_amazon,64.77938339518063,0.8805173194288969,0.833367574818368,fewshot
gpt-neo-few-shot-k-256-finetuned-seed-2,gpt-neo,squadshifts_reddit,65.57503311488036,0.8152409875621487,0.8581166915374325,fewshot
gpt-neo-few-shot-k-256-finetuned-seed-2,gpt-neo,squadshifts_new_wiki,68.5156409647287,0.8761187961376748,0.9498545596459707,fewshot
gpt-neo-few-shot-k-256-finetuned-seed-2,gpt-neo,race,41.35846890597653,3.641067903630109,3.2741836983618455,fewshot
gpt-neo-few-shot-k-256-finetuned-seed-2,gpt-neo,relationextraction,79.53472616634086,1.350376298095128,1.2943239436200287,fewshot
gpt-neo-few-shot-k-256-finetuned-seed-2,gpt-neo,textbookqa,51.57946369689545,2.2404666576738634,2.3558860513701205,fewshot
gpt-neo-few-shot-k-256-finetuned-seed-2,gpt-neo,bioasq,62.84077830013446,2.2557447804513515,2.2231970735155215,fewshot
gpt-neo-few-shot-k-256-finetuned-seed-2,gpt-neo,drop,33.21174522536507,2.1998831490436785,2.1191460083235043,fewshot
gpt-neo-few-shot-k-256-finetuned-seed-2,gpt-neo,newsqa,50.86882499813442,1.277324471232589,1.3353111769207615,fewshot
gpt-neo-few-shot-k-256-finetuned-seed-2,gpt-neo,duorc.paraphraserc,55.230891508373126,2.442342550853482,2.4377668790977154,fewshot
gpt-neo-few-shot-k-256-finetuned-seed-2,gpt-neo,triviaqa-web,67.94152137023063,0.9659075848866081,0.9961329391722273,fewshot
gpt-neo-few-shot-k-256-finetuned-seed-2,gpt-neo,searchqa,40.8797789475216,0.6728946946265708,0.7053677373170615,fewshot
gpt-neo-few-shot-k-256-finetuned-seed-2,gpt-neo,hotpotqa,53.56539724699513,1.1189567478011213,1.1590994780082795,fewshot
gpt-neo-few-shot-k-256-finetuned-seed-2,gpt-neo,naturalquestionsshort,53.67494259303359,0.7558139511026738,0.7841316895606454,fewshot
gpt-neo-few-shot-k-128-finetuned-seed-2,gpt-neo,squad,71.3560295356834,0.7322956520733754,0.75579752906539,fewshot
gpt-neo-few-shot-k-128-finetuned-seed-2,gpt-neo,squadshifts_nyt,70.92399076181947,0.8093572811438321,0.7945657999162279,fewshot
gpt-neo-few-shot-k-128-finetuned-seed-2,gpt-neo,squadshifts_amazon,64.883212284774,0.7894589128691791,0.8596672930930254,fewshot
gpt-neo-few-shot-k-128-finetuned-seed-2,gpt-neo,squadshifts_reddit,65.06320251215833,0.8422312450431093,0.7651406645938863,fewshot
gpt-neo-few-shot-k-128-finetuned-seed-2,gpt-neo,squadshifts_new_wiki,67.17975569830742,0.9231146183834369,0.9293942096355039,fewshot
gpt-neo-few-shot-k-128-finetuned-seed-2,gpt-neo,race,40.25500341940935,3.3160963700787036,3.144081654003763,fewshot
gpt-neo-few-shot-k-128-finetuned-seed-2,gpt-neo,relationextraction,76.77715733685893,1.3966371898869596,1.3771397831776682,fewshot
gpt-neo-few-shot-k-128-finetuned-seed-2,gpt-neo,textbookqa,49.61743272621509,2.3557122767451446,2.291374922113519,fewshot
gpt-neo-few-shot-k-128-finetuned-seed-2,gpt-neo,bioasq,62.4323130220621,2.221028090887174,2.3336031353884508,fewshot
gpt-neo-few-shot-k-128-finetuned-seed-2,gpt-neo,drop,31.36748294256806,2.1361328756758446,2.1456160162204014,fewshot
gpt-neo-few-shot-k-128-finetuned-seed-2,gpt-neo,newsqa,48.63878807758208,1.2245431580310822,1.3846138752663535,fewshot
gpt-neo-few-shot-k-128-finetuned-seed-2,gpt-neo,duorc.paraphraserc,54.11648293227236,2.4816744529435653,2.4669261081653318,fewshot
gpt-neo-few-shot-k-128-finetuned-seed-2,gpt-neo,triviaqa-web,66.95652738041966,0.937390697506487,1.002087695006594,fewshot
gpt-neo-few-shot-k-128-finetuned-seed-2,gpt-neo,searchqa,37.30661971518887,0.662305502621571,0.6725723027951034,fewshot
gpt-neo-few-shot-k-128-finetuned-seed-2,gpt-neo,hotpotqa,53.74332205475042,1.1929641505125588,1.1197017719558104,fewshot
gpt-neo-few-shot-k-128-finetuned-seed-2,gpt-neo,naturalquestionsshort,50.91552232904655,0.7926368223887863,0.7435856558639315,fewshot
gpt-neo-few-shot-k-64-finetuned-seed-2,gpt-neo,squad,68.64559258334693,0.8618388228859999,0.7996829568124753,fewshot
gpt-neo-few-shot-k-64-finetuned-seed-2,gpt-neo,squadshifts_nyt,69.26915099404651,0.7969712676945164,0.8002104683755391,fewshot
gpt-neo-few-shot-k-64-finetuned-seed-2,gpt-neo,squadshifts_amazon,62.22589343753964,0.8539187783227291,0.869091310947276,fewshot
gpt-neo-few-shot-k-64-finetuned-seed-2,gpt-neo,squadshifts_reddit,63.49239546037752,0.8234719735925893,0.807130854872895,fewshot
gpt-neo-few-shot-k-64-finetuned-seed-2,gpt-neo,squadshifts_new_wiki,65.11390086697006,0.8465653275230807,0.9681481538706578,fewshot
gpt-neo-few-shot-k-64-finetuned-seed-2,gpt-neo,race,38.29925022107455,3.3036726269069163,3.298997843646603,fewshot
gpt-neo-few-shot-k-64-finetuned-seed-2,gpt-neo,relationextraction,77.10537973258467,1.3426470069957759,1.2863563063274057,fewshot
gpt-neo-few-shot-k-64-finetuned-seed-2,gpt-neo,textbookqa,48.59394191230511,2.4464225063026674,2.2883703215540265,fewshot
gpt-neo-few-shot-k-64-finetuned-seed-2,gpt-neo,bioasq,66.02083156149543,2.14672376243945,2.179496302773231,fewshot
gpt-neo-few-shot-k-64-finetuned-seed-2,gpt-neo,drop,33.083736327249305,2.208119595345149,2.2301256073711073,fewshot
gpt-neo-few-shot-k-64-finetuned-seed-2,gpt-neo,newsqa,48.40970554760428,1.1962763975740671,1.4127221652427124,fewshot
gpt-neo-few-shot-k-64-finetuned-seed-2,gpt-neo,duorc.paraphraserc,53.75108994196265,2.3616390179514397,2.33987436706461,fewshot
gpt-neo-few-shot-k-64-finetuned-seed-2,gpt-neo,triviaqa-web,69.5609733120785,1.0528824606662113,0.9663566713151681,fewshot
gpt-neo-few-shot-k-64-finetuned-seed-2,gpt-neo,searchqa,45.27136585440526,0.7364460799315964,0.701056809470586,fewshot
gpt-neo-few-shot-k-64-finetuned-seed-2,gpt-neo,hotpotqa,51.97030064819444,1.1208415413861132,1.1140842367492922,fewshot
gpt-neo-few-shot-k-64-finetuned-seed-2,gpt-neo,naturalquestionsshort,50.27890776281492,0.7642563243312921,0.7126778213619289,fewshot
gpt-neo-few-shot-k-32-finetuned-seed-2,gpt-neo,squad,63.237705457195474,0.8695247346606294,0.7964988871357264,fewshot
gpt-neo-few-shot-k-32-finetuned-seed-2,gpt-neo,squadshifts_nyt,63.39881884474225,0.9436413284984653,0.8249489306915478,fewshot
gpt-neo-few-shot-k-32-finetuned-seed-2,gpt-neo,squadshifts_amazon,56.79289101041526,0.905303754951376,0.9019124499441276,fewshot
gpt-neo-few-shot-k-32-finetuned-seed-2,gpt-neo,squadshifts_reddit,57.66795544212234,0.8955098444758249,0.9336667449074341,fewshot
gpt-neo-few-shot-k-32-finetuned-seed-2,gpt-neo,squadshifts_new_wiki,60.23001028074812,1.0117440285451593,0.9993174404824643,fewshot
gpt-neo-few-shot-k-32-finetuned-seed-2,gpt-neo,race,35.35764799605968,3.197934637225792,3.210881601089312,fewshot
gpt-neo-few-shot-k-32-finetuned-seed-2,gpt-neo,relationextraction,77.04379763911666,1.4067482344281927,1.3449739569565082,fewshot
gpt-neo-few-shot-k-32-finetuned-seed-2,gpt-neo,textbookqa,44.48247952239967,2.4022188907418354,2.3981857113094733,fewshot
gpt-neo-few-shot-k-32-finetuned-seed-2,gpt-neo,bioasq,64.6107481243853,2.2198127625702355,2.3263513144562467,fewshot
gpt-neo-few-shot-k-32-finetuned-seed-2,gpt-neo,drop,30.13379833739114,2.188024744162462,2.2272835281817365,fewshot
gpt-neo-few-shot-k-32-finetuned-seed-2,gpt-neo,newsqa,44.33083869587034,1.3420787520470085,1.4421500400507057,fewshot
gpt-neo-few-shot-k-32-finetuned-seed-2,gpt-neo,duorc.paraphraserc,51.38882880388539,2.2766272701315557,2.2980495566688504,fewshot
gpt-neo-few-shot-k-32-finetuned-seed-2,gpt-neo,triviaqa-web,69.52590127349289,1.0133235511367644,1.0059885023275115,fewshot
gpt-neo-few-shot-k-32-finetuned-seed-2,gpt-neo,searchqa,38.21507265146865,0.6908648681840148,0.7410582138053243,fewshot
gpt-neo-few-shot-k-32-finetuned-seed-2,gpt-neo,hotpotqa,49.96107939479316,1.0740469054374273,1.1473602356364765,fewshot
gpt-neo-few-shot-k-32-finetuned-seed-2,gpt-neo,naturalquestionsshort,46.81939714876588,0.7041240854114434,0.7193905787884347,fewshot
gpt-neo-few-shot-k-16-finetuned-seed-2,gpt-neo,squad,56.03788949840583,0.8872070953518829,0.8276288419494762,fewshot
gpt-neo-few-shot-k-16-finetuned-seed-2,gpt-neo,squadshifts_nyt,55.4636267694191,0.9104227757531973,0.8366461070697184,fewshot
gpt-neo-few-shot-k-16-finetuned-seed-2,gpt-neo,squadshifts_amazon,47.02879546479199,1.0161789001262633,0.9284696832085686,fewshot
gpt-neo-few-shot-k-16-finetuned-seed-2,gpt-neo,squadshifts_reddit,48.89757286294847,0.8630909077641888,0.9054509720962756,fewshot
gpt-neo-few-shot-k-16-finetuned-seed-2,gpt-neo,squadshifts_new_wiki,52.44190293855873,0.9690309586753898,0.9618172895266568,fewshot
gpt-neo-few-shot-k-16-finetuned-seed-2,gpt-neo,race,31.987601913417937,3.2220693500367084,2.9686773414518193,fewshot
gpt-neo-few-shot-k-16-finetuned-seed-2,gpt-neo,relationextraction,74.78872853364057,1.2819885103215114,1.484761172981763,fewshot
gpt-neo-few-shot-k-16-finetuned-seed-2,gpt-neo,textbookqa,40.32958613796937,2.1655970166449237,2.3174465162988085,fewshot
gpt-neo-few-shot-k-16-finetuned-seed-2,gpt-neo,bioasq,63.0689423695133,2.210954918655858,2.2678631100682836,fewshot
gpt-neo-few-shot-k-16-finetuned-seed-2,gpt-neo,drop,31.753001932642643,2.284601432056519,2.0841293603269726,fewshot
gpt-neo-few-shot-k-16-finetuned-seed-2,gpt-neo,newsqa,39.966774218008005,1.1807315717288205,1.3737001188035833,fewshot
gpt-neo-few-shot-k-16-finetuned-seed-2,gpt-neo,duorc.paraphraserc,46.58725888072989,2.21360998447107,2.2369746990000294,fewshot
gpt-neo-few-shot-k-16-finetuned-seed-2,gpt-neo,triviaqa-web,66.13056243692093,1.029197887675835,0.9694245649446884,fewshot
gpt-neo-few-shot-k-16-finetuned-seed-2,gpt-neo,searchqa,22.65013109845258,0.5917451132004281,0.6104989214751413,fewshot
gpt-neo-few-shot-k-16-finetuned-seed-2,gpt-neo,hotpotqa,45.43925256050323,1.1609201006095446,1.1650068377411813,fewshot
gpt-neo-few-shot-k-16-finetuned-seed-2,gpt-neo,naturalquestionsshort,42.60510273648714,0.7401062548534938,0.7601560975839092,fewshot
gpt-neo-few-shot-k-1024-finetuned-seed-4,gpt-neo,squad,76.85935912620596,0.688951520955456,0.7263265718577259,fewshot
gpt-neo-few-shot-k-1024-finetuned-seed-4,gpt-neo,squadshifts_nyt,76.44155179420285,0.7509489045763473,0.7062423853650301,fewshot
gpt-neo-few-shot-k-1024-finetuned-seed-4,gpt-neo,squadshifts_amazon,68.99706933203694,0.780584451901575,0.7659223591577842,fewshot
gpt-neo-few-shot-k-1024-finetuned-seed-4,gpt-neo,squadshifts_reddit,70.2982983736765,0.8573185084940889,0.7786442726803671,fewshot
gpt-neo-few-shot-k-1024-finetuned-seed-4,gpt-neo,squadshifts_new_wiki,74.07083152184053,0.8311882069843648,0.7966628798645417,fewshot
gpt-neo-few-shot-k-1024-finetuned-seed-4,gpt-neo,race,41.24933005333636,3.0817505832480094,3.4578656850185467,fewshot
gpt-neo-few-shot-k-1024-finetuned-seed-4,gpt-neo,relationextraction,79.83979442086638,1.2919639487228096,1.2044265567840426,fewshot
gpt-neo-few-shot-k-1024-finetuned-seed-4,gpt-neo,textbookqa,53.19703597752756,2.4984861546999824,2.47129292498429,fewshot
gpt-neo-few-shot-k-1024-finetuned-seed-4,gpt-neo,bioasq,64.22252406470929,2.2779006016707086,2.2005974356580538,fewshot
gpt-neo-few-shot-k-1024-finetuned-seed-4,gpt-neo,drop,33.61770555207212,2.2862470300975737,2.3555790766663094,fewshot
gpt-neo-few-shot-k-1024-finetuned-seed-4,gpt-neo,newsqa,52.62427552987174,1.2710169360246226,1.2880511908363772,fewshot
gpt-neo-few-shot-k-1024-finetuned-seed-4,gpt-neo,duorc.paraphraserc,57.19796991380634,2.5020547407288873,2.310845463185153,fewshot
gpt-neo-few-shot-k-1024-finetuned-seed-4,gpt-neo,triviaqa-web,69.65834508031054,0.9177891169703685,0.9494089440137969,fewshot
gpt-neo-few-shot-k-1024-finetuned-seed-4,gpt-neo,searchqa,42.75967513859887,0.7379329252358957,0.677254088051825,fewshot
gpt-neo-few-shot-k-1024-finetuned-seed-4,gpt-neo,hotpotqa,58.3802560365796,1.0620275705746138,1.0931294730101797,fewshot
gpt-neo-few-shot-k-1024-finetuned-seed-4,gpt-neo,naturalquestionsshort,55.25945407931191,0.7265549652352874,0.7473326807133702,fewshot
gpt-neo-few-shot-k-512-finetuned-seed-4,gpt-neo,squad,74.95672604195587,0.8270895007712653,0.7355127281814333,fewshot
gpt-neo-few-shot-k-512-finetuned-seed-4,gpt-neo,squadshifts_nyt,74.62110979172557,0.746957997926657,0.7148779122628923,fewshot
gpt-neo-few-shot-k-512-finetuned-seed-4,gpt-neo,squadshifts_amazon,67.18168831852073,0.8339833419624796,0.7996401385586722,fewshot
gpt-neo-few-shot-k-512-finetuned-seed-4,gpt-neo,squadshifts_reddit,67.8778406187527,0.8193121498983658,0.8203590795023388,fewshot
gpt-neo-few-shot-k-512-finetuned-seed-4,gpt-neo,squadshifts_new_wiki,71.19120493021036,0.9231587754087371,0.9725730543086968,fewshot
gpt-neo-few-shot-k-512-finetuned-seed-4,gpt-neo,race,40.11532718775877,3.159373738261685,3.4700335027086027,fewshot
gpt-neo-few-shot-k-512-finetuned-seed-4,gpt-neo,relationextraction,79.93154181776579,1.239275170482287,1.2468965398543617,fewshot
gpt-neo-few-shot-k-512-finetuned-seed-4,gpt-neo,textbookqa,52.99046633923312,2.321081318559976,2.221954077888185,fewshot
gpt-neo-few-shot-k-512-finetuned-seed-4,gpt-neo,bioasq,64.30801517278056,2.325050750219063,2.2300090497858207,fewshot
gpt-neo-few-shot-k-512-finetuned-seed-4,gpt-neo,drop,28.979164917288667,2.0556560040092933,2.0407557900072852,fewshot
gpt-neo-few-shot-k-512-finetuned-seed-4,gpt-neo,newsqa,50.15960614062284,1.32383208125853,1.3129235702108275,fewshot
gpt-neo-few-shot-k-512-finetuned-seed-4,gpt-neo,duorc.paraphraserc,54.56131144005889,2.4533484411065487,2.3075026285802878,fewshot
gpt-neo-few-shot-k-512-finetuned-seed-4,gpt-neo,triviaqa-web,68.71947291985843,1.0141558719595025,0.968937633051155,fewshot
gpt-neo-few-shot-k-512-finetuned-seed-4,gpt-neo,searchqa,43.21949364926444,0.7453503357660054,0.6567444223910286,fewshot
gpt-neo-few-shot-k-512-finetuned-seed-4,gpt-neo,hotpotqa,57.165417794373305,1.1660053895135079,1.0987657336102572,fewshot
gpt-neo-few-shot-k-512-finetuned-seed-4,gpt-neo,naturalquestionsshort,53.697384670074605,0.7410482186529634,0.7051659003110728,fewshot
gpt-neo-few-shot-k-256-finetuned-seed-4,gpt-neo,squad,72.36533215542994,0.7809484898187122,0.7595692924893598,fewshot
gpt-neo-few-shot-k-256-finetuned-seed-4,gpt-neo,squadshifts_nyt,71.71010488477508,0.8087609981763677,0.8099299383449647,fewshot
gpt-neo-few-shot-k-256-finetuned-seed-4,gpt-neo,squadshifts_amazon,64.85755964416774,0.8180474977610999,0.7959405816780674,fewshot
gpt-neo-few-shot-k-256-finetuned-seed-4,gpt-neo,squadshifts_reddit,65.31626605288044,0.8245318688676946,0.8312682641595615,fewshot
gpt-neo-few-shot-k-256-finetuned-seed-4,gpt-neo,squadshifts_new_wiki,68.19351098911822,0.8297293734932225,0.8484274906045215,fewshot
gpt-neo-few-shot-k-256-finetuned-seed-4,gpt-neo,race,39.20536973624451,3.614284365317893,3.4894682276389872,fewshot
gpt-neo-few-shot-k-256-finetuned-seed-4,gpt-neo,relationextraction,77.84937830901201,1.3350328389762467,1.4038983592917873,fewshot
gpt-neo-few-shot-k-256-finetuned-seed-4,gpt-neo,textbookqa,49.67553866256454,2.516998498285858,2.29072932316452,fewshot
gpt-neo-few-shot-k-256-finetuned-seed-4,gpt-neo,bioasq,61.192014454523786,2.0775307830214658,2.3475044624804724,fewshot
gpt-neo-few-shot-k-256-finetuned-seed-4,gpt-neo,drop,27.304128930875457,2.1815861653686213,2.0702641226593173,fewshot
gpt-neo-few-shot-k-256-finetuned-seed-4,gpt-neo,newsqa,47.54326707959965,1.419623990967132,1.3583843080563653,fewshot
gpt-neo-few-shot-k-256-finetuned-seed-4,gpt-neo,duorc.paraphraserc,53.947271545539294,2.4287244835628528,2.4226876230957544,fewshot
gpt-neo-few-shot-k-256-finetuned-seed-4,gpt-neo,triviaqa-web,67.02673270496021,0.9884649693418055,0.996363659176609,fewshot
gpt-neo-few-shot-k-256-finetuned-seed-4,gpt-neo,searchqa,42.1910103049684,0.6832618949894282,0.7239410128539348,fewshot
gpt-neo-few-shot-k-256-finetuned-seed-4,gpt-neo,hotpotqa,56.09334625391997,1.1585730219182935,1.0658180476919767,fewshot
gpt-neo-few-shot-k-256-finetuned-seed-4,gpt-neo,naturalquestionsshort,51.851458804208754,0.7901783941324538,0.7402468875563315,fewshot
gpt-neo-few-shot-k-128-finetuned-seed-4,gpt-neo,squad,68.21663822537295,0.789629040770393,0.8278955361928269,fewshot
gpt-neo-few-shot-k-128-finetuned-seed-4,gpt-neo,squadshifts_nyt,68.28775010490622,0.841208583396508,0.8138653532986524,fewshot
gpt-neo-few-shot-k-128-finetuned-seed-4,gpt-neo,squadshifts_amazon,61.917613840730894,0.8323987456364321,0.8446159405845535,fewshot
gpt-neo-few-shot-k-128-finetuned-seed-4,gpt-neo,squadshifts_reddit,62.54289867481797,0.7947710841333517,0.8691984921738012,fewshot
gpt-neo-few-shot-k-128-finetuned-seed-4,gpt-neo,squadshifts_new_wiki,63.32367019028859,0.9478680125316217,0.9889251006530273,fewshot
gpt-neo-few-shot-k-128-finetuned-seed-4,gpt-neo,race,36.73792687868122,3.377432427750648,3.3163710421929125,fewshot
gpt-neo-few-shot-k-128-finetuned-seed-4,gpt-neo,relationextraction,77.41093577762516,1.504422373571046,1.3476704068205692,fewshot
gpt-neo-few-shot-k-128-finetuned-seed-4,gpt-neo,textbookqa,46.3662518452937,2.209263208514649,2.3504742189872516,fewshot
gpt-neo-few-shot-k-128-finetuned-seed-4,gpt-neo,bioasq,60.988699932239456,2.207943120931759,2.1696629972371895,fewshot
gpt-neo-few-shot-k-128-finetuned-seed-4,gpt-neo,drop,28.5270259421956,2.1135670254931718,2.122667271369867,fewshot
gpt-neo-few-shot-k-128-finetuned-seed-4,gpt-neo,newsqa,47.502124237040725,1.3192809002600967,1.1769044771248005,fewshot
gpt-neo-few-shot-k-128-finetuned-seed-4,gpt-neo,duorc.paraphraserc,52.63957191672042,2.412109159069459,2.2834751995728695,fewshot
gpt-neo-few-shot-k-128-finetuned-seed-4,gpt-neo,triviaqa-web,67.5115509624181,0.9580272168423392,0.9988627211651533,fewshot
gpt-neo-few-shot-k-128-finetuned-seed-4,gpt-neo,searchqa,38.92031309875868,0.6762518506559161,0.7128382553511514,fewshot
gpt-neo-few-shot-k-128-finetuned-seed-4,gpt-neo,hotpotqa,52.51697360565737,1.079979900623492,1.1542416471717516,fewshot
gpt-neo-few-shot-k-128-finetuned-seed-4,gpt-neo,naturalquestionsshort,50.27576198255159,0.724477010719049,0.7671747373839821,fewshot
gpt-neo-few-shot-k-64-finetuned-seed-4,gpt-neo,squad,66.6069645968568,0.7990904408166415,0.8302335432133674,fewshot
gpt-neo-few-shot-k-64-finetuned-seed-4,gpt-neo,squadshifts_nyt,67.8459847227474,0.8592862068522322,0.8484764653839818,fewshot
gpt-neo-few-shot-k-64-finetuned-seed-4,gpt-neo,squadshifts_amazon,60.83886808743817,0.8116225916076019,0.8903103874295084,fewshot
gpt-neo-few-shot-k-64-finetuned-seed-4,gpt-neo,squadshifts_reddit,60.93545014187554,0.9160183982802437,0.873624237741268,fewshot
gpt-neo-few-shot-k-64-finetuned-seed-4,gpt-neo,squadshifts_new_wiki,62.59569107428239,1.0124281672666697,1.0281946032323361,fewshot
gpt-neo-few-shot-k-64-finetuned-seed-4,gpt-neo,race,36.29170697419956,3.0941243989278178,3.2034210843557887,fewshot
gpt-neo-few-shot-k-64-finetuned-seed-4,gpt-neo,relationextraction,77.24308162062582,1.2695745005786563,1.3748358390063657,fewshot
gpt-neo-few-shot-k-64-finetuned-seed-4,gpt-neo,textbookqa,44.62623242064357,2.4192466899552443,2.282128887044081,fewshot
gpt-neo-few-shot-k-64-finetuned-seed-4,gpt-neo,bioasq,60.92769883954168,2.564453396606787,2.185838146369953,fewshot
gpt-neo-few-shot-k-64-finetuned-seed-4,gpt-neo,drop,33.44193545790352,2.066568707037767,2.2666431853058597,fewshot
gpt-neo-few-shot-k-64-finetuned-seed-4,gpt-neo,newsqa,48.74006757504893,1.260946924751316,1.410796711621792,fewshot
gpt-neo-few-shot-k-64-finetuned-seed-4,gpt-neo,duorc.paraphraserc,51.910342599882846,2.3749160011651185,2.3942594667528567,fewshot
gpt-neo-few-shot-k-64-finetuned-seed-4,gpt-neo,triviaqa-web,66.71853223490992,1.0136016787751316,0.9283421887467682,fewshot
gpt-neo-few-shot-k-64-finetuned-seed-4,gpt-neo,searchqa,40.21693185429974,0.6882969969767174,0.7599919670366191,fewshot
gpt-neo-few-shot-k-64-finetuned-seed-4,gpt-neo,hotpotqa,52.6877497333999,1.1920718000439763,1.1113917122950596,fewshot
gpt-neo-few-shot-k-64-finetuned-seed-4,gpt-neo,naturalquestionsshort,51.354977529421824,0.7268937387713805,0.7886768417646479,fewshot
gpt-neo-few-shot-k-32-finetuned-seed-4,gpt-neo,squad,61.68777719804259,0.7879473844625764,0.8433075728480333,fewshot
gpt-neo-few-shot-k-32-finetuned-seed-4,gpt-neo,squadshifts_nyt,63.623526474667,0.8930831406853983,0.8578046956277916,fewshot
gpt-neo-few-shot-k-32-finetuned-seed-4,gpt-neo,squadshifts_amazon,56.63331951123455,0.9568691606520687,0.8858773949107857,fewshot
gpt-neo-few-shot-k-32-finetuned-seed-4,gpt-neo,squadshifts_reddit,56.77482842360276,0.9168086254941912,0.8873616947928298,fewshot
gpt-neo-few-shot-k-32-finetuned-seed-4,gpt-neo,squadshifts_new_wiki,56.80993454316724,0.9611511337367276,1.0050525166861988,fewshot
gpt-neo-few-shot-k-32-finetuned-seed-4,gpt-neo,race,34.29900370162747,3.0912170564091532,3.2602778217236263,fewshot
gpt-neo-few-shot-k-32-finetuned-seed-4,gpt-neo,relationextraction,74.71931468200144,1.2741819606221156,1.382442311758595,fewshot
gpt-neo-few-shot-k-32-finetuned-seed-4,gpt-neo,textbookqa,44.26249233135458,2.3790366597252444,2.434483426125176,fewshot
gpt-neo-few-shot-k-32-finetuned-seed-4,gpt-neo,bioasq,62.95166335020833,2.1998585640735158,2.077091053697636,fewshot
gpt-neo-few-shot-k-32-finetuned-seed-4,gpt-neo,drop,36.027257654004124,2.3884968158919904,2.236709121439695,fewshot
gpt-neo-few-shot-k-32-finetuned-seed-4,gpt-neo,newsqa,46.492887614999766,1.3296777099942076,1.4551704541643034,fewshot
gpt-neo-few-shot-k-32-finetuned-seed-4,gpt-neo,duorc.paraphraserc,51.08556537104167,2.2836138942484254,2.5245738651385423,fewshot
gpt-neo-few-shot-k-32-finetuned-seed-4,gpt-neo,triviaqa-web,67.75015407770715,1.0392123825650827,1.1162242203667176,fewshot
gpt-neo-few-shot-k-32-finetuned-seed-4,gpt-neo,searchqa,38.1062319927164,0.6897105814291038,0.7125705619629201,fewshot
gpt-neo-few-shot-k-32-finetuned-seed-4,gpt-neo,hotpotqa,49.38054580476924,1.0777219288732525,1.0988205577773371,fewshot
gpt-neo-few-shot-k-32-finetuned-seed-4,gpt-neo,naturalquestionsshort,48.041499114079066,0.7420902508712004,0.7233970515487584,fewshot
gpt-neo-few-shot-k-16-finetuned-seed-4,gpt-neo,squad,53.62511598235156,0.8816122760753515,0.7751651869124387,fewshot
gpt-neo-few-shot-k-16-finetuned-seed-4,gpt-neo,squadshifts_nyt,55.57696824100515,0.8574657395892515,0.8504912916846976,fewshot
gpt-neo-few-shot-k-16-finetuned-seed-4,gpt-neo,squadshifts_amazon,47.25741755715732,0.862670088180046,0.873901617653253,fewshot
gpt-neo-few-shot-k-16-finetuned-seed-4,gpt-neo,squadshifts_reddit,49.74825797995455,0.9030248625364408,1.0437862425297624,fewshot
gpt-neo-few-shot-k-16-finetuned-seed-4,gpt-neo,squadshifts_new_wiki,49.8168274715071,0.9687867847826652,1.0233794847456252,fewshot
gpt-neo-few-shot-k-16-finetuned-seed-4,gpt-neo,race,33.09781896916834,3.15365278051031,3.4382948765318346,fewshot
gpt-neo-few-shot-k-16-finetuned-seed-4,gpt-neo,relationextraction,74.94036850380148,1.5293272421835553,1.4038383691536893,fewshot
gpt-neo-few-shot-k-16-finetuned-seed-4,gpt-neo,textbookqa,41.6924496365614,2.3717419658038352,2.5121921860943957,fewshot
gpt-neo-few-shot-k-16-finetuned-seed-4,gpt-neo,bioasq,60.532628044801406,2.282443304646293,2.4493211101093024,fewshot
gpt-neo-few-shot-k-16-finetuned-seed-4,gpt-neo,drop,35.0953154099802,2.272651426344048,2.2188328052041726,fewshot
gpt-neo-few-shot-k-16-finetuned-seed-4,gpt-neo,newsqa,42.175494658220686,1.237317309701524,1.2852620524325005,fewshot
gpt-neo-few-shot-k-16-finetuned-seed-4,gpt-neo,duorc.paraphraserc,47.543430549759634,2.4125860537419257,2.3743640279699747,fewshot
gpt-neo-few-shot-k-16-finetuned-seed-4,gpt-neo,triviaqa-web,65.17375238762529,0.9944149263995854,1.0796294211033484,fewshot
gpt-neo-few-shot-k-16-finetuned-seed-4,gpt-neo,searchqa,33.08323593040924,0.6890545228886111,0.6881803340944757,fewshot
gpt-neo-few-shot-k-16-finetuned-seed-4,gpt-neo,hotpotqa,44.58480526985873,1.1331734730478118,1.0491858378366459,fewshot
gpt-neo-few-shot-k-16-finetuned-seed-4,gpt-neo,naturalquestionsshort,47.30170051549568,0.7616215248036085,0.7831407349721786,fewshot
gpt-neo-few-shot-k-128-finetuned-seed-0,gpt-neo,squad,70.34006872607488,0.7628688671866257,0.7945120598317601,fewshot
gpt-neo-few-shot-k-128-finetuned-seed-0,gpt-neo,squadshifts_nyt,70.92785495434848,0.8074296802702889,0.8491473795467499,fewshot
gpt-neo-few-shot-k-128-finetuned-seed-0,gpt-neo,squadshifts_amazon,64.17762992010586,0.8013280213597653,0.8384262506820335,fewshot
gpt-neo-few-shot-k-128-finetuned-seed-0,gpt-neo,squadshifts_reddit,65.47013109146405,0.8524001114510185,0.8937670218030007,fewshot
gpt-neo-few-shot-k-128-finetuned-seed-0,gpt-neo,squadshifts_new_wiki,66.85651375861207,0.9252924548884494,0.913739309907541,fewshot
gpt-neo-few-shot-k-128-finetuned-seed-0,gpt-neo,race,38.48732710679317,3.389711061821899,3.5539514831247274,fewshot
gpt-neo-few-shot-k-128-finetuned-seed-0,gpt-neo,relationextraction,79.0470041128514,1.2400095752768152,1.2686182417430416,fewshot
gpt-neo-few-shot-k-128-finetuned-seed-0,gpt-neo,textbookqa,46.84766129922252,2.288672221779642,2.273081145357537,fewshot
gpt-neo-few-shot-k-128-finetuned-seed-0,gpt-neo,bioasq,64.49205737078361,2.1168615488892044,2.0622975397727146,fewshot
gpt-neo-few-shot-k-128-finetuned-seed-0,gpt-neo,drop,36.355000197902605,2.317891197162048,2.135318949528788,fewshot
gpt-neo-few-shot-k-128-finetuned-seed-0,gpt-neo,newsqa,51.45163226791015,1.2919864039234668,1.2808412810579455,fewshot
gpt-neo-few-shot-k-128-finetuned-seed-0,gpt-neo,duorc.paraphraserc,55.90680271990762,2.372610585257945,2.425978506466599,fewshot
gpt-neo-few-shot-k-128-finetuned-seed-0,gpt-neo,triviaqa-web,69.97708899250345,0.985897997314396,0.9702255373255184,fewshot
gpt-neo-few-shot-k-128-finetuned-seed-0,gpt-neo,searchqa,43.32988625038145,0.7270465261415495,0.679480442995839,fewshot
gpt-neo-few-shot-k-128-finetuned-seed-0,gpt-neo,hotpotqa,55.53111916068591,1.102352036609929,1.1554353609336587,fewshot
gpt-neo-few-shot-k-128-finetuned-seed-0,gpt-neo,naturalquestionsshort,52.64858813014791,0.7500446120117061,0.7439883244222258,fewshot
gpt-neo-few-shot-k-1024-finetuned-seed-0,gpt-neo,squad,77.54224121444257,0.6636516564803543,0.6769119226544262,fewshot
gpt-neo-few-shot-k-1024-finetuned-seed-0,gpt-neo,squadshifts_nyt,77.14118858997472,0.7550146385766823,0.7580087557898025,fewshot
gpt-neo-few-shot-k-1024-finetuned-seed-0,gpt-neo,squadshifts_amazon,70.26052827409931,0.7795855283037554,0.7676275137774127,fewshot
gpt-neo-few-shot-k-1024-finetuned-seed-0,gpt-neo,squadshifts_reddit,70.94222825486925,0.7731860078967685,0.7794854373568114,fewshot
gpt-neo-few-shot-k-1024-finetuned-seed-0,gpt-neo,squadshifts_new_wiki,74.8738370051448,0.7921488526815494,0.8485576299078161,fewshot
gpt-neo-few-shot-k-1024-finetuned-seed-0,gpt-neo,race,42.27171481591216,3.273386115257331,3.5956793179046613,fewshot
gpt-neo-few-shot-k-1024-finetuned-seed-0,gpt-neo,relationextraction,78.25750067369513,1.307575804752389,1.2639619685946855,fewshot
gpt-neo-few-shot-k-1024-finetuned-seed-0,gpt-neo,textbookqa,53.95711809988511,2.188903953946145,2.4061934904264177,fewshot
gpt-neo-few-shot-k-1024-finetuned-seed-0,gpt-neo,bioasq,64.69665920300167,2.3503622714632684,2.240547664801639,fewshot
gpt-neo-few-shot-k-1024-finetuned-seed-0,gpt-neo,drop,34.53834351460153,2.1565802001378316,2.1741613858432842,fewshot
gpt-neo-few-shot-k-1024-finetuned-seed-0,gpt-neo,newsqa,52.9459846346873,1.2709300219115036,1.3276730013399742,fewshot
gpt-neo-few-shot-k-1024-finetuned-seed-0,gpt-neo,duorc.paraphraserc,56.07967556168749,2.243803775615838,2.233331638936299,fewshot
gpt-neo-few-shot-k-1024-finetuned-seed-0,gpt-neo,triviaqa-web,68.35185252911664,0.9429428061414029,0.9624785743763198,fewshot
gpt-neo-few-shot-k-1024-finetuned-seed-0,gpt-neo,searchqa,45.25754091524064,0.7037853083827414,0.7070754382433577,fewshot
gpt-neo-few-shot-k-1024-finetuned-seed-0,gpt-neo,hotpotqa,59.131497574326005,1.0881930969301692,1.0575549580267989,fewshot
gpt-neo-few-shot-k-1024-finetuned-seed-0,gpt-neo,naturalquestionsshort,56.68393145003144,0.7262500930557891,0.6991711582532076,fewshot
gpt-neo-few-shot-k-512-finetuned-seed-0,gpt-neo,squad,75.82609375213922,0.7534246669233085,0.7615157631223468,fewshot
gpt-neo-few-shot-k-512-finetuned-seed-0,gpt-neo,squadshifts_nyt,74.88286188191114,0.7532059541653524,0.7825703765926875,fewshot
gpt-neo-few-shot-k-512-finetuned-seed-0,gpt-neo,squadshifts_amazon,68.23620900417396,0.7927093169630695,0.7936052829393816,fewshot
gpt-neo-few-shot-k-512-finetuned-seed-0,gpt-neo,squadshifts_reddit,68.8242124456062,0.7784603804897898,0.8156935126829978,fewshot
gpt-neo-few-shot-k-512-finetuned-seed-0,gpt-neo,squadshifts_new_wiki,72.51639247010812,0.8903307094449815,0.8640320002443076,fewshot
gpt-neo-few-shot-k-512-finetuned-seed-0,gpt-neo,race,41.79068278530077,3.1705238960569986,3.376739714598905,fewshot
gpt-neo-few-shot-k-512-finetuned-seed-0,gpt-neo,relationextraction,77.77575557950095,1.2732294403380706,1.3698441250220412,fewshot
gpt-neo-few-shot-k-512-finetuned-seed-0,gpt-neo,textbookqa,49.56819900537722,2.288831350556528,2.3394980731295547,fewshot
gpt-neo-few-shot-k-512-finetuned-seed-0,gpt-neo,bioasq,63.787913144452965,2.2156402419882113,2.094659380443055,fewshot
gpt-neo-few-shot-k-512-finetuned-seed-0,gpt-neo,drop,32.70418241476127,2.142153643650662,2.108603140040252,fewshot
gpt-neo-few-shot-k-512-finetuned-seed-0,gpt-neo,newsqa,51.25333018004217,1.24487911985198,1.3314000608076881,fewshot
gpt-neo-few-shot-k-512-finetuned-seed-0,gpt-neo,duorc.paraphraserc,54.60068412600051,2.206955043438981,2.3439128188046183,fewshot
gpt-neo-few-shot-k-512-finetuned-seed-0,gpt-neo,triviaqa-web,68.1357678217025,1.0029599049350537,0.9077209666803014,fewshot
gpt-neo-few-shot-k-512-finetuned-seed-0,gpt-neo,searchqa,42.942007830058095,0.7245765587098418,0.6267116470731295,fewshot
gpt-neo-few-shot-k-512-finetuned-seed-0,gpt-neo,hotpotqa,58.46201423009588,1.122528239465474,1.1285498853525908,fewshot
gpt-neo-few-shot-k-512-finetuned-seed-0,gpt-neo,naturalquestionsshort,54.06844876168363,0.7498718748660025,0.7203324094535688,fewshot
gpt-neo-few-shot-k-256-finetuned-seed-0,gpt-neo,squad,73.49093749736892,0.7238910518013739,0.7619026472543737,fewshot
gpt-neo-few-shot-k-256-finetuned-seed-0,gpt-neo,squadshifts_nyt,72.88031053958933,0.7668376967131678,0.7638234107615034,fewshot
gpt-neo-few-shot-k-256-finetuned-seed-0,gpt-neo,squadshifts_amazon,66.50580617229187,0.7915781615444502,0.7398375390745144,fewshot
gpt-neo-few-shot-k-256-finetuned-seed-0,gpt-neo,squadshifts_reddit,68.00493650013165,0.7724618801389198,0.8404334034597554,fewshot
gpt-neo-few-shot-k-256-finetuned-seed-0,gpt-neo,squadshifts_new_wiki,70.625746314157,0.8440205269244672,0.9358574293140833,fewshot
gpt-neo-few-shot-k-256-finetuned-seed-0,gpt-neo,race,41.14446143306695,3.259242074582545,3.3939099757385804,fewshot
gpt-neo-few-shot-k-256-finetuned-seed-0,gpt-neo,relationextraction,77.92350175830506,1.3162340825163596,1.392989854446725,fewshot
gpt-neo-few-shot-k-256-finetuned-seed-0,gpt-neo,textbookqa,47.37979193673063,2.5330767637403753,2.2460754260641878,fewshot
gpt-neo-few-shot-k-256-finetuned-seed-0,gpt-neo,bioasq,64.96857765241376,2.1549467334673267,2.06284703665915,fewshot
gpt-neo-few-shot-k-256-finetuned-seed-0,gpt-neo,drop,31.914005701724395,2.075904348109951,2.268350207882886,fewshot
gpt-neo-few-shot-k-256-finetuned-seed-0,gpt-neo,newsqa,50.8588606264355,1.1868395317145257,1.4488717285042796,fewshot
gpt-neo-few-shot-k-256-finetuned-seed-0,gpt-neo,duorc.paraphraserc,55.23246606171709,2.1408547619945324,2.3685287445330374,fewshot
gpt-neo-few-shot-k-256-finetuned-seed-0,gpt-neo,triviaqa-web,68.7896517241413,0.9550656579559984,0.9511702491469691,fewshot
gpt-neo-few-shot-k-256-finetuned-seed-0,gpt-neo,searchqa,41.6695247337338,0.719322955843495,0.7117547313173915,fewshot
gpt-neo-few-shot-k-256-finetuned-seed-0,gpt-neo,hotpotqa,57.94803394055408,1.0613416609229347,1.1071790074670673,fewshot
gpt-neo-few-shot-k-256-finetuned-seed-0,gpt-neo,naturalquestionsshort,54.53688090801808,0.701775865162432,0.7413804206377463,fewshot
gpt2-xl-few-shot-k-1024-finetuned-seed-0,gpt,bioasq,57.8829378175197,2.286546903834441,2.363364519053213,fewshot
gpt2-xl-few-shot-k-1024-finetuned-seed-0,gpt,drop,35.266189895754295,2.1596744622751487,2.207588210714306,fewshot
gpt2-xl-few-shot-k-1024-finetuned-seed-0,gpt,duorc.paraphraserc,56.58489153159367,2.1811577135943665,2.2008159182959943,fewshot
gpt2-xl-few-shot-k-1024-finetuned-seed-0,gpt,hotpotqa,59.70648012995351,1.131883827957303,1.0833228911198771,fewshot
gpt2-xl-few-shot-k-1024-finetuned-seed-0,gpt,naturalquestionsshort,55.81528235496492,0.7742791178438395,0.7259974138681713,fewshot
gpt2-xl-few-shot-k-1024-finetuned-seed-0,gpt,newsqa,53.27022953697304,1.3472017003537076,1.41121134535814,fewshot
gpt2-xl-few-shot-k-1024-finetuned-seed-0,gpt,race,42.17117856736464,3.339416248159047,3.3610329597140094,fewshot
gpt2-xl-few-shot-k-1024-finetuned-seed-0,gpt,relationextraction,78.57682758971777,1.3840268355194638,1.3524204293368882,fewshot
gpt2-xl-few-shot-k-1024-finetuned-seed-0,gpt,searchqa,28.694458562677248,0.7096018887538555,0.6433334527701398,fewshot
gpt2-xl-few-shot-k-1024-finetuned-seed-0,gpt,squad,76.22495216979135,0.718584111143926,0.7270529512042998,fewshot
gpt2-xl-few-shot-k-1024-finetuned-seed-0,gpt,squadshifts_amazon,68.43295821237939,0.8028381049281279,0.8319169874969532,fewshot
gpt2-xl-few-shot-k-1024-finetuned-seed-0,gpt,squadshifts_new_wiki,73.4333125216367,0.8546646227678139,0.8681857330056033,fewshot
gpt2-xl-few-shot-k-1024-finetuned-seed-0,gpt,squadshifts_nyt,76.9193439045769,0.7088537081511106,0.73965800152979,fewshot
gpt2-xl-few-shot-k-1024-finetuned-seed-0,gpt,squadshifts_reddit,69.68827861871468,0.8070241250668602,0.8407856710935846,fewshot
gpt2-xl-few-shot-k-1024-finetuned-seed-0,gpt,textbookqa,51.63254773463146,2.431858402035658,2.4615973497286348,fewshot
gpt2-xl-few-shot-k-1024-finetuned-seed-0,gpt,triviaqa-web,69.75722582562676,0.8711113682936258,0.9158700287793096,fewshot
gpt2-xl-few-shot-k-1024-finetuned-seed-2,gpt,bioasq,57.77658736723235,2.245151816603702,2.398978879140252,fewshot
gpt2-xl-few-shot-k-1024-finetuned-seed-2,gpt,drop,33.79109764339306,2.273266090381867,2.313442628562377,fewshot
gpt2-xl-few-shot-k-1024-finetuned-seed-2,gpt,duorc.paraphraserc,57.390524997208175,2.28005277626356,2.1317520996989856,fewshot
gpt2-xl-few-shot-k-1024-finetuned-seed-2,gpt,hotpotqa,58.34116205470721,1.1540141017889385,1.0508960869400426,fewshot
gpt2-xl-few-shot-k-1024-finetuned-seed-2,gpt,naturalquestionsshort,55.88446411673987,0.7583312591178597,0.7221339614990185,fewshot
gpt2-xl-few-shot-k-1024-finetuned-seed-2,gpt,newsqa,54.71783543332094,1.3911353308833725,1.3538231856356688,fewshot
gpt2-xl-few-shot-k-1024-finetuned-seed-2,gpt,race,41.3783930287109,3.576720989744309,3.0026708363801475,fewshot
gpt2-xl-few-shot-k-1024-finetuned-seed-2,gpt,relationextraction,80.45431539664928,1.3196358330348374,1.1159800172689245,fewshot
gpt2-xl-few-shot-k-1024-finetuned-seed-2,gpt,searchqa,31.255374288059915,0.6288591259219665,0.6619536267944994,fewshot
gpt2-xl-few-shot-k-1024-finetuned-seed-2,gpt,squad,75.8084567820715,0.7771645707075407,0.7187418702733623,fewshot
gpt2-xl-few-shot-k-1024-finetuned-seed-2,gpt,squadshifts_amazon,69.05914012578738,0.7719107954937101,0.7717090428691762,fewshot
gpt2-xl-few-shot-k-1024-finetuned-seed-2,gpt,squadshifts_new_wiki,73.63347332691536,0.8180310216330753,0.8967812833863746,fewshot
gpt2-xl-few-shot-k-1024-finetuned-seed-2,gpt,squadshifts_nyt,77.30199576016675,0.6722847142057162,0.6785721864918202,fewshot
gpt2-xl-few-shot-k-1024-finetuned-seed-2,gpt,squadshifts_reddit,70.67351310833271,0.8254244311984564,0.8004349596350409,fewshot
gpt2-xl-few-shot-k-1024-finetuned-seed-2,gpt,textbookqa,52.84939990780626,2.383248253606169,2.2785943621814937,fewshot
gpt2-xl-few-shot-k-1024-finetuned-seed-2,gpt,triviaqa-web,68.96716585348588,0.968719699981932,0.9512918805306184,fewshot
gpt2-xl-few-shot-k-1024-finetuned-seed-4,gpt,bioasq,57.976141939690045,2.361896104347529,2.2558789060031543,fewshot
gpt2-xl-few-shot-k-1024-finetuned-seed-4,gpt,drop,30.94879539813204,2.200809178471527,2.263748738270259,fewshot
gpt2-xl-few-shot-k-1024-finetuned-seed-4,gpt,duorc.paraphraserc,55.73255876553674,2.249815118444332,2.2813138403162085,fewshot
gpt2-xl-few-shot-k-1024-finetuned-seed-4,gpt,hotpotqa,58.33856739186329,1.1676932952387276,1.1474777351882537,fewshot
gpt2-xl-few-shot-k-1024-finetuned-seed-4,gpt,naturalquestionsshort,55.51848047428252,0.7239450084340291,0.7295023815205326,fewshot
gpt2-xl-few-shot-k-1024-finetuned-seed-4,gpt,newsqa,53.25013688475018,1.3865128966102418,1.416662140403183,fewshot
gpt2-xl-few-shot-k-1024-finetuned-seed-4,gpt,race,43.37184014178256,3.592151841317296,3.1927149914145545,fewshot
gpt2-xl-few-shot-k-1024-finetuned-seed-4,gpt,relationextraction,80.04628324336608,1.199325465353354,1.3054777274586655,fewshot
gpt2-xl-few-shot-k-1024-finetuned-seed-4,gpt,searchqa,27.38846553417329,0.6725292251936992,0.6295743926927599,fewshot
gpt2-xl-few-shot-k-1024-finetuned-seed-4,gpt,squad,77.34033491077777,0.7162039437129977,0.7318298070369735,fewshot
gpt2-xl-few-shot-k-1024-finetuned-seed-4,gpt,squadshifts_amazon,69.04567490771566,0.7324125934822519,0.8179893906058595,fewshot
gpt2-xl-few-shot-k-1024-finetuned-seed-4,gpt,squadshifts_new_wiki,74.28769219518783,0.8305062469628837,0.8540252789101146,fewshot
gpt2-xl-few-shot-k-1024-finetuned-seed-4,gpt,squadshifts_nyt,77.37740306872531,0.7706669648888038,0.6940006718710237,fewshot
gpt2-xl-few-shot-k-1024-finetuned-seed-4,gpt,squadshifts_reddit,70.40636123162432,0.7716636607271425,0.766942689262649,fewshot
gpt2-xl-few-shot-k-1024-finetuned-seed-4,gpt,textbookqa,49.30898270647559,2.407559540887263,2.230182086242074,fewshot
gpt2-xl-few-shot-k-1024-finetuned-seed-4,gpt,triviaqa-web,68.59202190801436,0.9021821270859504,0.9075337208283544,fewshot
gpt2-xl-few-shot-k-128-finetuned-seed-0,gpt,bioasq,56.647873519906135,2.3066963916131518,2.303300962199714,fewshot
gpt2-xl-few-shot-k-128-finetuned-seed-0,gpt,drop,34.97081834407183,2.130551187187905,2.2815393743537484,fewshot
gpt2-xl-few-shot-k-128-finetuned-seed-0,gpt,duorc.paraphraserc,55.55719097691112,2.558612708262899,2.641374938260391,fewshot
gpt2-xl-few-shot-k-128-finetuned-seed-0,gpt,hotpotqa,56.44534172410168,1.171039935624563,1.184054560192379,fewshot
gpt2-xl-few-shot-k-128-finetuned-seed-0,gpt,naturalquestionsshort,53.218067628319645,0.8082078833800992,0.7002674685197974,fewshot
gpt2-xl-few-shot-k-128-finetuned-seed-0,gpt,newsqa,50.66473657277378,1.2979554247936136,1.3316983922108605,fewshot
gpt2-xl-few-shot-k-128-finetuned-seed-0,gpt,race,38.71088411016845,3.131593269029992,3.442129234054093,fewshot
gpt2-xl-few-shot-k-128-finetuned-seed-0,gpt,relationextraction,80.34893347577935,1.2525702923332034,1.2579056092029504,fewshot
gpt2-xl-few-shot-k-128-finetuned-seed-0,gpt,searchqa,32.86186428412589,0.6692278814629944,0.6392449570451859,fewshot
gpt2-xl-few-shot-k-128-finetuned-seed-0,gpt,squad,69.35891428778307,0.831800460027651,0.8011012847081389,fewshot
gpt2-xl-few-shot-k-128-finetuned-seed-0,gpt,squadshifts_amazon,64.70708210203806,0.8197173146491892,0.8199893993089518,fewshot
gpt2-xl-few-shot-k-128-finetuned-seed-0,gpt,squadshifts_new_wiki,66.08161311032674,0.8768955705094896,0.9035166507863152,fewshot
gpt2-xl-few-shot-k-128-finetuned-seed-0,gpt,squadshifts_nyt,72.36385749873479,0.774493392756014,0.7831226303224099,fewshot
gpt2-xl-few-shot-k-128-finetuned-seed-0,gpt,squadshifts_reddit,65.59084626418954,0.8613716119975123,0.861735963168357,fewshot
gpt2-xl-few-shot-k-128-finetuned-seed-0,gpt,textbookqa,46.69432624069787,2.417924052083343,2.3871245617606007,fewshot
gpt2-xl-few-shot-k-128-finetuned-seed-0,gpt,triviaqa-web,68.77985498409402,0.9438656451663264,0.959015290710738,fewshot
gpt2-xl-few-shot-k-128-finetuned-seed-2,gpt,bioasq,57.03969972955144,2.2273953919095177,2.2301653407811344,fewshot
gpt2-xl-few-shot-k-128-finetuned-seed-2,gpt,drop,31.40914997143717,2.087416783421844,2.200812007125837,fewshot
gpt2-xl-few-shot-k-128-finetuned-seed-2,gpt,duorc.paraphraserc,53.86960057136076,2.299045797649761,2.350978599196921,fewshot
gpt2-xl-few-shot-k-128-finetuned-seed-2,gpt,hotpotqa,54.1615394276644,1.1634652155537069,1.1005061032700425,fewshot
gpt2-xl-few-shot-k-128-finetuned-seed-2,gpt,naturalquestionsshort,52.13074190971013,0.6714617592913967,0.7533178328693211,fewshot
gpt2-xl-few-shot-k-128-finetuned-seed-2,gpt,newsqa,49.00395688971939,1.2541712471602722,1.26540369280967,fewshot
gpt2-xl-few-shot-k-128-finetuned-seed-2,gpt,race,37.42161034745624,3.3941172051975528,3.3795807480500173,fewshot
gpt2-xl-few-shot-k-128-finetuned-seed-2,gpt,relationextraction,78.05057259941934,1.3785876182840866,1.3232178834281283,fewshot
gpt2-xl-few-shot-k-128-finetuned-seed-2,gpt,searchqa,24.684249496086885,0.6435475890422246,0.60715374878367,fewshot
gpt2-xl-few-shot-k-128-finetuned-seed-2,gpt,squad,70.21387786134788,0.7754927427420881,0.7391105919279539,fewshot
gpt2-xl-few-shot-k-128-finetuned-seed-2,gpt,squadshifts_amazon,63.88955554997205,0.8338325202251653,0.7658595776166592,fewshot
gpt2-xl-few-shot-k-128-finetuned-seed-2,gpt,squadshifts_new_wiki,67.09830845070462,0.9344678995994684,0.9630759872850804,fewshot
gpt2-xl-few-shot-k-128-finetuned-seed-2,gpt,squadshifts_nyt,72.07850206553111,0.7816929799389243,0.7980874726599296,fewshot
gpt2-xl-few-shot-k-128-finetuned-seed-2,gpt,squadshifts_reddit,65.34671282153839,0.7924322978132068,0.9088840771988488,fewshot
gpt2-xl-few-shot-k-128-finetuned-seed-2,gpt,textbookqa,48.5020183833084,2.2922928681936696,2.341759848824694,fewshot
gpt2-xl-few-shot-k-128-finetuned-seed-2,gpt,triviaqa-web,68.32756781504385,1.03884746167995,1.03857350456569,fewshot
gpt2-xl-few-shot-k-128-finetuned-seed-4,gpt,bioasq,56.37074664790222,2.420857826889033,2.256694465501752,fewshot
gpt2-xl-few-shot-k-128-finetuned-seed-4,gpt,drop,32.95991950682569,2.0757624961716807,2.2954603059393506,fewshot
gpt2-xl-few-shot-k-128-finetuned-seed-4,gpt,duorc.paraphraserc,55.6349590893228,2.370985059984015,2.2012418008004744,fewshot
gpt2-xl-few-shot-k-128-finetuned-seed-4,gpt,hotpotqa,57.32736990709893,1.0636549317795383,1.1482881876895237,fewshot
gpt2-xl-few-shot-k-128-finetuned-seed-4,gpt,naturalquestionsshort,52.42243578327746,0.7445656233258688,0.7921563342441971,fewshot
gpt2-xl-few-shot-k-128-finetuned-seed-4,gpt,newsqa,49.12760513440888,1.2855562374152498,1.3162620524286837,fewshot
gpt2-xl-few-shot-k-128-finetuned-seed-4,gpt,race,37.56348174674604,3.224939697117854,3.4038423572769645,fewshot
gpt2-xl-few-shot-k-128-finetuned-seed-4,gpt,relationextraction,79.45904577858451,1.1317155490748405,1.2382781218855854,fewshot
gpt2-xl-few-shot-k-128-finetuned-seed-4,gpt,searchqa,28.53171053524413,0.6682995891035013,0.6905895398607136,fewshot
gpt2-xl-few-shot-k-128-finetuned-seed-4,gpt,squad,70.56108152546285,0.8529608425633768,0.8165330783688773,fewshot
gpt2-xl-few-shot-k-128-finetuned-seed-4,gpt,squadshifts_amazon,64.12623596535478,0.806661738891485,0.8416317223979348,fewshot
gpt2-xl-few-shot-k-128-finetuned-seed-4,gpt,squadshifts_new_wiki,66.8736731580246,0.9186688895548656,0.9833768502086712,fewshot
gpt2-xl-few-shot-k-128-finetuned-seed-4,gpt,squadshifts_nyt,72.51406047999592,0.7849657921779283,0.743826435008458,fewshot
gpt2-xl-few-shot-k-128-finetuned-seed-4,gpt,squadshifts_reddit,65.72745785306397,0.921396092336991,0.8449957710514582,fewshot
gpt2-xl-few-shot-k-128-finetuned-seed-4,gpt,textbookqa,48.42041539252378,2.4242102809704207,2.271062394716431,fewshot
gpt2-xl-few-shot-k-128-finetuned-seed-4,gpt,triviaqa-web,67.2225456695593,1.0244090830315713,1.0142497782669864,fewshot
gpt2-xl-few-shot-k-16-finetuned-seed-0,gpt,bioasq,51.54546651026622,2.3098687290841227,2.1938589682058307,fewshot
gpt2-xl-few-shot-k-16-finetuned-seed-0,gpt,drop,34.361090229353714,2.227970586004531,2.23030766269288,fewshot
gpt2-xl-few-shot-k-16-finetuned-seed-0,gpt,duorc.paraphraserc,50.78160558463158,2.373135698324539,2.2216246610510666,fewshot
gpt2-xl-few-shot-k-16-finetuned-seed-0,gpt,hotpotqa,51.79216004246984,0.9765135067369144,1.0532843969177108,fewshot
gpt2-xl-few-shot-k-16-finetuned-seed-0,gpt,naturalquestionsshort,47.52535807095506,0.7284680505368328,0.6907452354053589,fewshot
gpt2-xl-few-shot-k-16-finetuned-seed-0,gpt,newsqa,43.85318342730115,1.2488761139392963,1.3974198580940325,fewshot
gpt2-xl-few-shot-k-16-finetuned-seed-0,gpt,race,34.15276640776407,3.026233584946308,3.218552994522262,fewshot
gpt2-xl-few-shot-k-16-finetuned-seed-0,gpt,relationextraction,79.23398194599015,1.2898290462741642,1.3924915635396786,fewshot
gpt2-xl-few-shot-k-16-finetuned-seed-0,gpt,searchqa,33.93888867950927,0.6462458510364399,0.689143432113184,fewshot
gpt2-xl-few-shot-k-16-finetuned-seed-0,gpt,squad,60.82682517011008,0.8423163804921074,0.7885018376082584,fewshot
gpt2-xl-few-shot-k-16-finetuned-seed-0,gpt,squadshifts_amazon,53.27819170380143,0.9289392412276812,0.8988066812010871,fewshot
gpt2-xl-few-shot-k-16-finetuned-seed-0,gpt,squadshifts_new_wiki,56.88238969702136,1.0294141701545314,0.9883588915979972,fewshot
gpt2-xl-few-shot-k-16-finetuned-seed-0,gpt,squadshifts_nyt,62.167254836480126,0.9224689416343635,0.8693162549976563,fewshot
gpt2-xl-few-shot-k-16-finetuned-seed-0,gpt,squadshifts_reddit,55.107927287304086,0.8604707503010829,0.9032452412134048,fewshot
gpt2-xl-few-shot-k-16-finetuned-seed-0,gpt,textbookqa,43.05730158847452,2.2175755413837948,2.2686824789237647,fewshot
gpt2-xl-few-shot-k-16-finetuned-seed-0,gpt,triviaqa-web,68.54633313592865,1.0109147720902314,1.040276584544273,fewshot
gpt2-xl-few-shot-k-16-finetuned-seed-2,gpt,bioasq,53.835802750070506,2.391815284772214,2.209736442664393,fewshot
gpt2-xl-few-shot-k-16-finetuned-seed-2,gpt,drop,34.924614455552586,2.385011722586583,2.252456726758112,fewshot
gpt2-xl-few-shot-k-16-finetuned-seed-2,gpt,duorc.paraphraserc,52.30572318518842,2.480794945977294,2.472417649819299,fewshot
gpt2-xl-few-shot-k-16-finetuned-seed-2,gpt,hotpotqa,55.82408000183657,1.1214849104005469,1.079518400661506,fewshot
gpt2-xl-few-shot-k-16-finetuned-seed-2,gpt,naturalquestionsshort,50.22664411658858,0.7744700048138853,0.757730034494088,fewshot
gpt2-xl-few-shot-k-16-finetuned-seed-2,gpt,newsqa,46.51723167891366,1.166238961784991,1.322101485222518,fewshot
gpt2-xl-few-shot-k-16-finetuned-seed-2,gpt,race,38.56367371067511,3.472544484750671,3.4357609318077067,fewshot
gpt2-xl-few-shot-k-16-finetuned-seed-2,gpt,relationextraction,79.60037569094565,1.2748525549153982,1.2764207327045654,fewshot
gpt2-xl-few-shot-k-16-finetuned-seed-2,gpt,searchqa,32.1845186596279,0.7036717261853482,0.643114371343195,fewshot
gpt2-xl-few-shot-k-16-finetuned-seed-2,gpt,squad,65.70427064063897,0.84914088781521,0.7617965659906787,fewshot
gpt2-xl-few-shot-k-16-finetuned-seed-2,gpt,squadshifts_amazon,57.8164447936875,0.8096646365005071,0.8791817783696487,fewshot
gpt2-xl-few-shot-k-16-finetuned-seed-2,gpt,squadshifts_new_wiki,62.59956910282086,0.9044981380395852,0.9456890690251568,fewshot
gpt2-xl-few-shot-k-16-finetuned-seed-2,gpt,squadshifts_nyt,66.98992947786083,0.80357739517315,0.8176522910340793,fewshot
gpt2-xl-few-shot-k-16-finetuned-seed-2,gpt,squadshifts_reddit,59.636799635841456,0.8975445942873392,0.9073514644250124,fewshot
gpt2-xl-few-shot-k-16-finetuned-seed-2,gpt,textbookqa,46.03545138345505,2.309101852268597,2.4222864687933168,fewshot
gpt2-xl-few-shot-k-16-finetuned-seed-2,gpt,triviaqa-web,68.96865248503028,0.9480396681746868,0.9635475778056132,fewshot
gpt2-xl-few-shot-k-16-finetuned-seed-4,gpt,bioasq,55.97781490436876,2.262700954063149,2.3505612757012813,fewshot
gpt2-xl-few-shot-k-16-finetuned-seed-4,gpt,drop,36.41623777880673,2.394709597583237,2.2520094420558507,fewshot
gpt2-xl-few-shot-k-16-finetuned-seed-4,gpt,duorc.paraphraserc,53.81460874255146,2.239543527018484,2.4666148011944387,fewshot
gpt2-xl-few-shot-k-16-finetuned-seed-4,gpt,hotpotqa,49.838421223480665,1.165286408495362,1.1038589384648674,fewshot
gpt2-xl-few-shot-k-16-finetuned-seed-4,gpt,naturalquestionsshort,51.17703552871081,0.7767687133625572,0.7622334198686076,fewshot
gpt2-xl-few-shot-k-16-finetuned-seed-4,gpt,newsqa,47.81484720433088,1.3328875033310652,1.332991081336537,fewshot
gpt2-xl-few-shot-k-16-finetuned-seed-4,gpt,race,35.76357967478311,3.072860014960206,3.2440017339204985,fewshot
gpt2-xl-few-shot-k-16-finetuned-seed-4,gpt,relationextraction,79.08911512880319,1.219094107874767,1.2926491852033166,fewshot
gpt2-xl-few-shot-k-16-finetuned-seed-4,gpt,searchqa,33.439498946514256,0.7115697977714817,0.6503068352656456,fewshot
gpt2-xl-few-shot-k-16-finetuned-seed-4,gpt,squad,63.1375071584041,0.8625627848801614,0.881043612654814,fewshot
gpt2-xl-few-shot-k-16-finetuned-seed-4,gpt,squadshifts_amazon,56.39511160644747,0.8714392661821648,0.8858504630408746,fewshot
gpt2-xl-few-shot-k-16-finetuned-seed-4,gpt,squadshifts_new_wiki,59.9601146396767,1.0060025342708556,0.9341542241473776,fewshot
gpt2-xl-few-shot-k-16-finetuned-seed-4,gpt,squadshifts_nyt,66.5400541073418,0.8706040559691246,0.8197368023152052,fewshot
gpt2-xl-few-shot-k-16-finetuned-seed-4,gpt,squadshifts_reddit,56.95332104120029,0.9067584991562114,0.9233129034070232,fewshot
gpt2-xl-few-shot-k-16-finetuned-seed-4,gpt,textbookqa,43.643804155675134,2.261226559807021,2.4259215482295677,fewshot
gpt2-xl-few-shot-k-16-finetuned-seed-4,gpt,triviaqa-web,68.78930770934637,0.9737733186674832,0.8896024932391526,fewshot
gpt2-xl-few-shot-k-256-finetuned-seed-0,gpt,bioasq,58.405573486385656,2.442512126529145,2.2801332185955374,fewshot
gpt2-xl-few-shot-k-256-finetuned-seed-0,gpt,drop,35.546426034273864,2.2114055777757717,2.194456579583388,fewshot
gpt2-xl-few-shot-k-256-finetuned-seed-0,gpt,duorc.paraphraserc,57.209450978017,2.383923227397652,2.3227325432424166,fewshot
gpt2-xl-few-shot-k-256-finetuned-seed-0,gpt,hotpotqa,59.28903448361901,1.0918140031032235,1.211779752296323,fewshot
gpt2-xl-few-shot-k-256-finetuned-seed-0,gpt,naturalquestionsshort,55.31114641502043,0.6876406862041833,0.7579721732172473,fewshot
gpt2-xl-few-shot-k-256-finetuned-seed-0,gpt,newsqa,52.22207398763043,1.314094392136525,1.208507894171781,fewshot
gpt2-xl-few-shot-k-256-finetuned-seed-0,gpt,race,40.88964175845325,3.354208678509792,3.4185094660272317,fewshot
gpt2-xl-few-shot-k-256-finetuned-seed-0,gpt,relationextraction,79.70255889453358,1.3046572896047903,1.285575131639689,fewshot
gpt2-xl-few-shot-k-256-finetuned-seed-0,gpt,searchqa,26.606761062097767,0.5989585894341687,0.6378772686258358,fewshot
gpt2-xl-few-shot-k-256-finetuned-seed-0,gpt,squad,73.12210181386253,0.791012863589728,0.7369800560395703,fewshot
gpt2-xl-few-shot-k-256-finetuned-seed-0,gpt,squadshifts_amazon,66.78118273897154,0.8157324251123299,0.7841059608439167,fewshot
gpt2-xl-few-shot-k-256-finetuned-seed-0,gpt,squadshifts_new_wiki,70.3094333875899,0.8232670177148833,0.909920195829244,fewshot
gpt2-xl-few-shot-k-256-finetuned-seed-0,gpt,squadshifts_nyt,74.83945327436005,0.7427516852891927,0.7272164880806287,fewshot
gpt2-xl-few-shot-k-256-finetuned-seed-0,gpt,squadshifts_reddit,68.20063234515354,0.8679025552782491,0.8231706944048369,fewshot
gpt2-xl-few-shot-k-256-finetuned-seed-0,gpt,textbookqa,48.89838951203832,2.446493420439438,2.304056956354195,fewshot
gpt2-xl-few-shot-k-256-finetuned-seed-0,gpt,triviaqa-web,69.11542065299308,1.0405534841952715,0.9162454437019107,fewshot
gpt2-xl-few-shot-k-256-finetuned-seed-2,gpt,bioasq,57.1150589683695,2.3653921016887907,2.4335094623616342,fewshot
gpt2-xl-few-shot-k-256-finetuned-seed-2,gpt,drop,31.89206186036057,1.8724382676625384,2.168486835417667,fewshot
gpt2-xl-few-shot-k-256-finetuned-seed-2,gpt,duorc.paraphraserc,56.20068102746309,2.359399289362571,2.3127062117319355,fewshot
gpt2-xl-few-shot-k-256-finetuned-seed-2,gpt,hotpotqa,54.9996173127354,1.076457932922679,1.0756307321279266,fewshot
gpt2-xl-few-shot-k-256-finetuned-seed-2,gpt,naturalquestionsshort,54.072692576509375,0.7319981985640212,0.7692588433446303,fewshot
gpt2-xl-few-shot-k-256-finetuned-seed-2,gpt,newsqa,51.17576935229117,1.2516095488589372,1.32035618460462,fewshot
gpt2-xl-few-shot-k-256-finetuned-seed-2,gpt,race,37.90309473843618,2.8379862000410583,3.2911522869288987,fewshot
gpt2-xl-few-shot-k-256-finetuned-seed-2,gpt,relationextraction,79.03920235500976,1.298763402096256,1.30368725293242,fewshot
gpt2-xl-few-shot-k-256-finetuned-seed-2,gpt,searchqa,27.1476778896754,0.643825550931016,0.6446286398440257,fewshot
gpt2-xl-few-shot-k-256-finetuned-seed-2,gpt,squad,72.39166353976748,0.8287954117397902,0.7360003881712771,fewshot
gpt2-xl-few-shot-k-256-finetuned-seed-2,gpt,squadshifts_amazon,66.39289337482491,0.8047453065510979,0.8142996123584822,fewshot
gpt2-xl-few-shot-k-256-finetuned-seed-2,gpt,squadshifts_new_wiki,69.5046855145727,0.9456781590778576,0.8192258875186411,fewshot
gpt2-xl-few-shot-k-256-finetuned-seed-2,gpt,squadshifts_nyt,74.23770259365307,0.8314411744752874,0.7416198923612427,fewshot
gpt2-xl-few-shot-k-256-finetuned-seed-2,gpt,squadshifts_reddit,67.26712457520411,0.8388272718197101,0.8171921108621518,fewshot
gpt2-xl-few-shot-k-256-finetuned-seed-2,gpt,textbookqa,49.78852038925386,2.5539595247153315,2.4476436735773035,fewshot
gpt2-xl-few-shot-k-256-finetuned-seed-2,gpt,triviaqa-web,67.50921012192703,0.9843380590010185,0.9999611624369322,fewshot
gpt2-xl-few-shot-k-256-finetuned-seed-4,gpt,bioasq,57.30733739167379,2.308628845394729,2.267265798078469,fewshot
gpt2-xl-few-shot-k-256-finetuned-seed-4,gpt,drop,34.39670442664455,2.055571516898865,2.1273541181225752,fewshot
gpt2-xl-few-shot-k-256-finetuned-seed-4,gpt,duorc.paraphraserc,54.1337142798449,2.372079359690666,2.215976986963014,fewshot
gpt2-xl-few-shot-k-256-finetuned-seed-4,gpt,hotpotqa,55.09434164930602,1.0919437283172613,1.1153993106818303,fewshot
gpt2-xl-few-shot-k-256-finetuned-seed-4,gpt,naturalquestionsshort,53.312680115754006,0.796212487556474,0.7023440046859903,fewshot
gpt2-xl-few-shot-k-256-finetuned-seed-4,gpt,newsqa,49.71493308474056,1.1816830529805884,1.2957596601506935,fewshot
gpt2-xl-few-shot-k-256-finetuned-seed-4,gpt,race,40.233494105243096,3.5733705575082766,3.3103506685610924,fewshot
gpt2-xl-few-shot-k-256-finetuned-seed-4,gpt,relationextraction,78.84472586813165,1.3124181995451494,1.3323882415638764,fewshot
gpt2-xl-few-shot-k-256-finetuned-seed-4,gpt,searchqa,26.44204395264461,0.6273749929889014,0.6726704513586625,fewshot
gpt2-xl-few-shot-k-256-finetuned-seed-4,gpt,squad,72.3212691097538,0.7729190587677408,0.7737807904536851,fewshot
gpt2-xl-few-shot-k-256-finetuned-seed-4,gpt,squadshifts_amazon,65.3579973663647,0.8621310790147021,0.8117883373931392,fewshot
gpt2-xl-few-shot-k-256-finetuned-seed-4,gpt,squadshifts_new_wiki,68.52913693983895,0.9025067579542992,1.0396318915666711,fewshot
gpt2-xl-few-shot-k-256-finetuned-seed-4,gpt,squadshifts_nyt,73.12829513588805,0.8019288596127012,0.8338827857116797,fewshot
gpt2-xl-few-shot-k-256-finetuned-seed-4,gpt,squadshifts_reddit,66.64438995367809,0.7932658524696734,0.8471505217080448,fewshot
gpt2-xl-few-shot-k-256-finetuned-seed-4,gpt,textbookqa,49.19586896238853,2.306768497636739,2.333608599576678,fewshot
gpt2-xl-few-shot-k-256-finetuned-seed-4,gpt,triviaqa-web,67.74995742144117,0.9775667376583784,1.002848744418941,fewshot
gpt2-xl-few-shot-k-32-finetuned-seed-0,gpt,bioasq,54.977593509547454,2.401141660322992,2.347283730731853,fewshot
gpt2-xl-few-shot-k-32-finetuned-seed-0,gpt,drop,36.50835499021476,2.163049442241025,2.173003792940428,fewshot
gpt2-xl-few-shot-k-32-finetuned-seed-0,gpt,duorc.paraphraserc,53.468635147515855,2.566114833977892,2.293806053299761,fewshot
gpt2-xl-few-shot-k-32-finetuned-seed-0,gpt,hotpotqa,50.001720763406325,1.144436576401766,1.1268615555192767,fewshot
gpt2-xl-few-shot-k-32-finetuned-seed-0,gpt,naturalquestionsshort,49.54240558238694,0.7297313475007385,0.7515931205042747,fewshot
gpt2-xl-few-shot-k-32-finetuned-seed-0,gpt,newsqa,48.2834460893088,1.3804889369533129,1.3421717439806926,fewshot
gpt2-xl-few-shot-k-32-finetuned-seed-0,gpt,race,36.55491346548287,3.1314630651393074,3.315744723544107,fewshot
gpt2-xl-few-shot-k-32-finetuned-seed-0,gpt,relationextraction,78.06108428733953,1.2996505934516307,1.3677348205840616,fewshot
gpt2-xl-few-shot-k-32-finetuned-seed-0,gpt,searchqa,37.75401298413687,0.717713846976423,0.7169319029188799,fewshot
gpt2-xl-few-shot-k-32-finetuned-seed-0,gpt,squad,62.46522224281032,0.8552176188818166,0.8506571994970926,fewshot
gpt2-xl-few-shot-k-32-finetuned-seed-0,gpt,squadshifts_amazon,58.620418059253055,0.8403126829121419,0.8606277419052333,fewshot
gpt2-xl-few-shot-k-32-finetuned-seed-0,gpt,squadshifts_new_wiki,59.27408195893948,0.9906133680418776,0.954114269523494,fewshot
gpt2-xl-few-shot-k-32-finetuned-seed-0,gpt,squadshifts_nyt,67.61238896612693,0.8080911043469001,0.9127814691662904,fewshot
gpt2-xl-few-shot-k-32-finetuned-seed-0,gpt,squadshifts_reddit,60.07011680103484,0.8922641018425566,0.912688678456135,fewshot
gpt2-xl-few-shot-k-32-finetuned-seed-0,gpt,textbookqa,44.60671784150211,2.269112165383831,2.73096371019453,fewshot
gpt2-xl-few-shot-k-32-finetuned-seed-0,gpt,triviaqa-web,68.17205591097705,0.964523584779016,0.8735710624919193,fewshot
gpt2-xl-few-shot-k-32-finetuned-seed-2,gpt,bioasq,57.46996188945556,2.4511893506839257,2.329456193839796,fewshot
gpt2-xl-few-shot-k-32-finetuned-seed-2,gpt,drop,35.900018145527106,2.230411471429413,2.2450920669483736,fewshot
gpt2-xl-few-shot-k-32-finetuned-seed-2,gpt,duorc.paraphraserc,52.93934239352976,2.418892975093229,2.260218034481298,fewshot
gpt2-xl-few-shot-k-32-finetuned-seed-2,gpt,hotpotqa,51.93739693268689,1.106987971488607,1.212408940651386,fewshot
gpt2-xl-few-shot-k-32-finetuned-seed-2,gpt,naturalquestionsshort,50.60567211395737,0.7211642927026318,0.711633692019447,fewshot
gpt2-xl-few-shot-k-32-finetuned-seed-2,gpt,newsqa,46.795697995541104,1.2334665916839924,1.3896303081294548,fewshot
gpt2-xl-few-shot-k-32-finetuned-seed-2,gpt,race,35.5162517996346,3.507847287891813,3.291014952736006,fewshot
gpt2-xl-few-shot-k-32-finetuned-seed-2,gpt,relationextraction,79.33194142658198,1.2195046350831262,1.3233211364994446,fewshot
gpt2-xl-few-shot-k-32-finetuned-seed-2,gpt,searchqa,30.400686164378826,0.6730594604159919,0.663847536362919,fewshot
gpt2-xl-few-shot-k-32-finetuned-seed-2,gpt,squad,65.349205140275,0.8002876779146106,0.8093290010233432,fewshot
gpt2-xl-few-shot-k-32-finetuned-seed-2,gpt,squadshifts_amazon,59.363170508513456,0.855519638680228,0.8729249763850007,fewshot
gpt2-xl-few-shot-k-32-finetuned-seed-2,gpt,squadshifts_new_wiki,61.83451010758869,0.9120930929163508,0.91981836628198,fewshot
gpt2-xl-few-shot-k-32-finetuned-seed-2,gpt,squadshifts_nyt,67.53585545223929,0.8061315351942824,0.8433859517495534,fewshot
gpt2-xl-few-shot-k-32-finetuned-seed-2,gpt,squadshifts_reddit,60.90081076459388,0.8654258340592307,0.8780742206566146,fewshot
gpt2-xl-few-shot-k-32-finetuned-seed-2,gpt,textbookqa,43.80209444580701,2.269388204018924,2.4862841841384835,fewshot
gpt2-xl-few-shot-k-32-finetuned-seed-2,gpt,triviaqa-web,69.9755801894532,1.0105621542521277,0.955763039144358,fewshot
gpt2-xl-few-shot-k-32-finetuned-seed-4,gpt,bioasq,57.59784990635296,2.417286458827199,2.1725869110197564,fewshot
gpt2-xl-few-shot-k-32-finetuned-seed-4,gpt,drop,36.78367319085876,2.197426575420522,2.473210985436588,fewshot
gpt2-xl-few-shot-k-32-finetuned-seed-4,gpt,duorc.paraphraserc,54.8558825141103,2.2398037551684524,2.471605329491801,fewshot
gpt2-xl-few-shot-k-32-finetuned-seed-4,gpt,hotpotqa,49.67810032539844,1.1877860241570914,1.088553590488793,fewshot
gpt2-xl-few-shot-k-32-finetuned-seed-4,gpt,naturalquestionsshort,51.05912681468359,0.7233974142037027,0.808338532793357,fewshot
gpt2-xl-few-shot-k-32-finetuned-seed-4,gpt,newsqa,48.37959249877032,1.3737429077938472,1.3998301744446096,fewshot
gpt2-xl-few-shot-k-32-finetuned-seed-4,gpt,race,36.11154703748019,3.398439233970429,3.5316799667006578,fewshot
gpt2-xl-few-shot-k-32-finetuned-seed-4,gpt,relationextraction,77.55260249324033,1.4898646647715026,1.2294207705078293,fewshot
gpt2-xl-few-shot-k-32-finetuned-seed-4,gpt,searchqa,34.034547481933856,0.6582871516384969,0.7322751872155138,fewshot
gpt2-xl-few-shot-k-32-finetuned-seed-4,gpt,squad,64.77556174315532,0.8290296436642777,0.7833702943382832,fewshot
gpt2-xl-few-shot-k-32-finetuned-seed-4,gpt,squadshifts_amazon,61.24712813086104,0.8419393142744127,0.8273091570862192,fewshot
gpt2-xl-few-shot-k-32-finetuned-seed-4,gpt,squadshifts_new_wiki,60.97454072220475,0.9643904696167738,1.0197293294190717,fewshot
gpt2-xl-few-shot-k-32-finetuned-seed-4,gpt,squadshifts_nyt,68.90645061271434,0.8187625326834223,0.8688729641137911,fewshot
gpt2-xl-few-shot-k-32-finetuned-seed-4,gpt,squadshifts_reddit,60.97529820120958,0.8041515857339547,0.8717403836560536,fewshot
gpt2-xl-few-shot-k-32-finetuned-seed-4,gpt,textbookqa,44.56128882381637,2.250399339195397,2.342374785436057,fewshot
gpt2-xl-few-shot-k-32-finetuned-seed-4,gpt,triviaqa-web,68.57384932914808,0.9537752281972872,0.9605872237374058,fewshot
gpt2-xl-few-shot-k-512-finetuned-seed-0,gpt,bioasq,56.84254537681199,2.3695411895758056,2.2539060808518485,fewshot
gpt2-xl-few-shot-k-512-finetuned-seed-0,gpt,drop,33.49706746794924,2.362679769645265,2.188089987843405,fewshot
gpt2-xl-few-shot-k-512-finetuned-seed-0,gpt,duorc.paraphraserc,55.469369626598095,2.3832332677685386,2.420360632594182,fewshot
gpt2-xl-few-shot-k-512-finetuned-seed-0,gpt,hotpotqa,56.75642298855468,1.0819094040968764,1.2354597115651345,fewshot
gpt2-xl-few-shot-k-512-finetuned-seed-0,gpt,naturalquestionsshort,54.34118688072688,0.7098525581813675,0.7504453059769531,fewshot
gpt2-xl-few-shot-k-512-finetuned-seed-0,gpt,newsqa,51.89069366364652,1.3618884076911186,1.359641008377075,fewshot
gpt2-xl-few-shot-k-512-finetuned-seed-0,gpt,race,41.3124572383904,3.2878696888340926,3.4735945251279787,fewshot
gpt2-xl-few-shot-k-512-finetuned-seed-0,gpt,relationextraction,79.1064184195121,1.3175178319344385,1.1930745598061776,fewshot
gpt2-xl-few-shot-k-512-finetuned-seed-0,gpt,searchqa,33.193023881628335,0.6419778596127941,0.6714272840264499,fewshot
gpt2-xl-few-shot-k-512-finetuned-seed-0,gpt,squad,75.05589181196426,0.7651007405982568,0.8008957769331886,fewshot
gpt2-xl-few-shot-k-512-finetuned-seed-0,gpt,squadshifts_amazon,67.13528144050912,0.8376234390386514,0.8429875988411908,fewshot
gpt2-xl-few-shot-k-512-finetuned-seed-0,gpt,squadshifts_new_wiki,71.71624923030961,0.8951076831399547,0.866858528919991,fewshot
gpt2-xl-few-shot-k-512-finetuned-seed-0,gpt,squadshifts_nyt,75.70576369742717,0.7216809776759447,0.7357308637953679,fewshot
gpt2-xl-few-shot-k-512-finetuned-seed-0,gpt,squadshifts_reddit,67.98525518204076,0.8513558391279048,0.7748765590596207,fewshot
gpt2-xl-few-shot-k-512-finetuned-seed-0,gpt,textbookqa,52.880831476164,2.3688999676834044,2.2816431266149806,fewshot
gpt2-xl-few-shot-k-512-finetuned-seed-0,gpt,triviaqa-web,68.7089027792305,0.9426229402868812,0.9515141783926424,fewshot
gpt2-xl-few-shot-k-512-finetuned-seed-2,gpt,bioasq,57.29506714582315,2.375174377029154,2.4268163827859226,fewshot
gpt2-xl-few-shot-k-512-finetuned-seed-2,gpt,drop,36.97458141335091,2.286447940580836,2.2415005599812616,fewshot
gpt2-xl-few-shot-k-512-finetuned-seed-2,gpt,duorc.paraphraserc,55.9104980074333,2.433797714610428,2.381283088811486,fewshot
gpt2-xl-few-shot-k-512-finetuned-seed-2,gpt,hotpotqa,55.92967109479893,1.106584262418366,1.1609982079256935,fewshot
gpt2-xl-few-shot-k-512-finetuned-seed-2,gpt,naturalquestionsshort,56.20273719154445,0.7337838825847314,0.6844703280644353,fewshot
gpt2-xl-few-shot-k-512-finetuned-seed-2,gpt,newsqa,53.67811041310256,1.2074857507790568,1.2939441288591524,fewshot
gpt2-xl-few-shot-k-512-finetuned-seed-2,gpt,race,39.405923017970686,3.2703119335850133,3.483914416660774,fewshot
gpt2-xl-few-shot-k-512-finetuned-seed-2,gpt,relationextraction,80.06646960005178,1.2991754259987829,1.2618294424178913,fewshot
gpt2-xl-few-shot-k-512-finetuned-seed-2,gpt,searchqa,24.839554317365515,0.6041948405970317,0.5929065597482364,fewshot
gpt2-xl-few-shot-k-512-finetuned-seed-2,gpt,squad,74.04519370000294,0.73867627356654,0.734368717663969,fewshot
gpt2-xl-few-shot-k-512-finetuned-seed-2,gpt,squadshifts_amazon,67.9809937896963,0.8054368682644935,0.7764004914421321,fewshot
gpt2-xl-few-shot-k-512-finetuned-seed-2,gpt,squadshifts_new_wiki,71.70622571117313,0.8956026544933167,0.8832228583737702,fewshot
gpt2-xl-few-shot-k-512-finetuned-seed-2,gpt,squadshifts_nyt,75.84461139470841,0.8080276383655871,0.8207413258066794,fewshot
gpt2-xl-few-shot-k-512-finetuned-seed-2,gpt,squadshifts_reddit,69.01035264793933,0.8324596654621814,0.8663475309228801,fewshot
gpt2-xl-few-shot-k-512-finetuned-seed-2,gpt,textbookqa,50.210316401633406,2.487354753899403,2.369507420754829,fewshot
gpt2-xl-few-shot-k-512-finetuned-seed-2,gpt,triviaqa-web,69.67234228698602,0.946564970746266,0.9805859772139058,fewshot
gpt2-xl-few-shot-k-512-finetuned-seed-4,gpt,bioasq,56.93044900100585,2.489794057935775,2.326007080177426,fewshot
gpt2-xl-few-shot-k-512-finetuned-seed-4,gpt,drop,31.54197306657096,2.1755308597360106,2.1586862209146744,fewshot
gpt2-xl-few-shot-k-512-finetuned-seed-4,gpt,duorc.paraphraserc,56.07587604878879,2.408768673217324,2.392954454047548,fewshot
gpt2-xl-few-shot-k-512-finetuned-seed-4,gpt,hotpotqa,56.55211716790284,1.111820231378246,1.1153810529271269,fewshot
gpt2-xl-few-shot-k-512-finetuned-seed-4,gpt,naturalquestionsshort,54.36176559738098,0.756193259475296,0.7973601698100694,fewshot
gpt2-xl-few-shot-k-512-finetuned-seed-4,gpt,newsqa,52.126639970877086,1.3603575968316337,1.2306204995498646,fewshot
gpt2-xl-few-shot-k-512-finetuned-seed-4,gpt,race,42.36086751730844,3.0793127392719484,3.620637714044051,fewshot
gpt2-xl-few-shot-k-512-finetuned-seed-4,gpt,relationextraction,81.17953375585678,1.2604792595465142,1.1024463108502118,fewshot
gpt2-xl-few-shot-k-512-finetuned-seed-4,gpt,searchqa,31.99322730992357,0.6686360079360725,0.6562308033706827,fewshot
gpt2-xl-few-shot-k-512-finetuned-seed-4,gpt,squad,73.52455824210678,0.6848501394472493,0.7703837067031287,fewshot
gpt2-xl-few-shot-k-512-finetuned-seed-4,gpt,squadshifts_amazon,66.63131164307143,0.837667316783751,0.8341374420078012,fewshot
gpt2-xl-few-shot-k-512-finetuned-seed-4,gpt,squadshifts_new_wiki,70.85336536096041,0.8877672583839598,0.8747691905659849,fewshot
gpt2-xl-few-shot-k-512-finetuned-seed-4,gpt,squadshifts_nyt,75.17716422459347,0.7799538327297739,0.770309822994065,fewshot
gpt2-xl-few-shot-k-512-finetuned-seed-4,gpt,squadshifts_reddit,68.49782018118745,0.8276720030016662,0.8635157492263801,fewshot
gpt2-xl-few-shot-k-512-finetuned-seed-4,gpt,textbookqa,49.64239403591347,2.664041885083911,2.3852452412059435,fewshot
gpt2-xl-few-shot-k-512-finetuned-seed-4,gpt,triviaqa-web,67.70248972464788,0.9460126079588208,0.9476745548034842,fewshot
gpt2-xl-few-shot-k-64-finetuned-seed-0,gpt,bioasq,55.0755999406656,2.52665533864684,2.292250545462622,fewshot
gpt2-xl-few-shot-k-64-finetuned-seed-0,gpt,drop,33.19226445540382,2.067628446037279,2.368584598903361,fewshot
gpt2-xl-few-shot-k-64-finetuned-seed-0,gpt,duorc.paraphraserc,54.846538464126695,2.559424174722267,2.3420866368068616,fewshot
gpt2-xl-few-shot-k-64-finetuned-seed-0,gpt,hotpotqa,51.60470707623737,1.1632782323377595,1.1411019527906632,fewshot
gpt2-xl-few-shot-k-64-finetuned-seed-0,gpt,naturalquestionsshort,52.58425587434526,0.7750023434505309,0.7370586089474571,fewshot
gpt2-xl-few-shot-k-64-finetuned-seed-0,gpt,newsqa,50.09124358034873,1.2070806276766035,1.3081114828045983,fewshot
gpt2-xl-few-shot-k-64-finetuned-seed-0,gpt,race,36.61805281990214,3.480096533510718,3.537949714902318,fewshot
gpt2-xl-few-shot-k-64-finetuned-seed-0,gpt,relationextraction,78.17571185786939,1.3842953179793085,1.2525257420099931,fewshot
gpt2-xl-few-shot-k-64-finetuned-seed-0,gpt,searchqa,32.86609343411478,0.6795494274736029,0.678256585875701,fewshot
gpt2-xl-few-shot-k-64-finetuned-seed-0,gpt,squad,65.83915000001151,0.7851825417983633,0.7937119427741095,fewshot
gpt2-xl-few-shot-k-64-finetuned-seed-0,gpt,squadshifts_amazon,60.611549718792766,0.8152980302380541,0.8729728442264033,fewshot
gpt2-xl-few-shot-k-64-finetuned-seed-0,gpt,squadshifts_new_wiki,62.22090169783736,0.8921227379345993,0.930723971914837,fewshot
gpt2-xl-few-shot-k-64-finetuned-seed-0,gpt,squadshifts_nyt,69.48252506859916,0.8007797901060627,0.8201014339830124,fewshot
gpt2-xl-few-shot-k-64-finetuned-seed-0,gpt,squadshifts_reddit,62.171993183908725,0.8404650743334798,0.844239177778654,fewshot
gpt2-xl-few-shot-k-64-finetuned-seed-0,gpt,textbookqa,45.02900422561098,2.274110042947349,2.4290061697746665,fewshot
gpt2-xl-few-shot-k-64-finetuned-seed-0,gpt,triviaqa-web,69.68976303080359,0.9557740910343142,0.9876383571469348,fewshot
gpt2-xl-few-shot-k-64-finetuned-seed-2,gpt,bioasq,59.429741525875166,2.34859342068539,2.232236205363684,fewshot
gpt2-xl-few-shot-k-64-finetuned-seed-2,gpt,drop,34.467615994562095,2.289569490168283,2.2769187454816238,fewshot
gpt2-xl-few-shot-k-64-finetuned-seed-2,gpt,duorc.paraphraserc,53.51113270123398,2.263454097991989,2.341232332415892,fewshot
gpt2-xl-few-shot-k-64-finetuned-seed-2,gpt,hotpotqa,52.36828315206717,1.1021876604774403,1.1963810574536495,fewshot
gpt2-xl-few-shot-k-64-finetuned-seed-2,gpt,naturalquestionsshort,50.82175758126956,0.7391868451017629,0.74204120723644,fewshot
gpt2-xl-few-shot-k-64-finetuned-seed-2,gpt,newsqa,47.7522147617908,1.2341288044459515,1.3613013623259391,fewshot
gpt2-xl-few-shot-k-64-finetuned-seed-2,gpt,race,37.76452693366642,3.2335299879810435,3.249109652299545,fewshot
gpt2-xl-few-shot-k-64-finetuned-seed-2,gpt,relationextraction,79.33857752378792,1.316880066074532,1.2635400367760496,fewshot
gpt2-xl-few-shot-k-64-finetuned-seed-2,gpt,searchqa,28.26283340726808,0.6462515955449248,0.614281969747914,fewshot
gpt2-xl-few-shot-k-64-finetuned-seed-2,gpt,squad,67.79966513297364,0.8475055504356277,0.8178831361657473,fewshot
gpt2-xl-few-shot-k-64-finetuned-seed-2,gpt,squadshifts_amazon,62.589052992274176,0.8285249182360701,0.8200987220254206,fewshot
gpt2-xl-few-shot-k-64-finetuned-seed-2,gpt,squadshifts_new_wiki,64.60007995175924,0.9505881287026554,0.9279314627722072,fewshot
gpt2-xl-few-shot-k-64-finetuned-seed-2,gpt,squadshifts_nyt,69.83858312471509,0.8281868389066034,0.7932593728253465,fewshot
gpt2-xl-few-shot-k-64-finetuned-seed-2,gpt,squadshifts_reddit,63.26086863013746,0.7666287041671822,0.9164309329182104,fewshot
gpt2-xl-few-shot-k-64-finetuned-seed-2,gpt,textbookqa,44.18447635014498,2.4434335993716942,2.202201177251098,fewshot
gpt2-xl-few-shot-k-64-finetuned-seed-2,gpt,triviaqa-web,68.82481295198069,0.967796600744677,0.9905801755511447,fewshot
gpt2-xl-few-shot-k-64-finetuned-seed-4,gpt,bioasq,59.63904618101264,2.229410788332032,2.447505545577414,fewshot
gpt2-xl-few-shot-k-64-finetuned-seed-4,gpt,drop,31.59768246095592,2.0535770690461383,2.0709872942906777,fewshot
gpt2-xl-few-shot-k-64-finetuned-seed-4,gpt,duorc.paraphraserc,55.226901941986576,2.572967276362341,2.299097711822604,fewshot
gpt2-xl-few-shot-k-64-finetuned-seed-4,gpt,hotpotqa,55.88483423812995,1.181653185294337,1.1421138255548016,fewshot
gpt2-xl-few-shot-k-64-finetuned-seed-4,gpt,naturalquestionsshort,52.80310863037264,0.6853308804813949,0.7427875154139656,fewshot
gpt2-xl-few-shot-k-64-finetuned-seed-4,gpt,newsqa,49.69345143782387,1.378881589820871,1.300292803437756,fewshot
gpt2-xl-few-shot-k-64-finetuned-seed-4,gpt,race,38.61507408586673,3.0380809766814,3.638189447866488,fewshot
gpt2-xl-few-shot-k-64-finetuned-seed-4,gpt,relationextraction,79.46857115445994,1.2253031624639874,1.27319436367938,fewshot
gpt2-xl-few-shot-k-64-finetuned-seed-4,gpt,searchqa,34.07485766579524,0.7050191609347891,0.748323943987387,fewshot
gpt2-xl-few-shot-k-64-finetuned-seed-4,gpt,squad,70.06926068714591,0.8158858374809483,0.8233887068598449,fewshot
gpt2-xl-few-shot-k-64-finetuned-seed-4,gpt,squadshifts_amazon,63.198046750672255,0.8418162268308294,0.7829754655337666,fewshot
gpt2-xl-few-shot-k-64-finetuned-seed-4,gpt,squadshifts_new_wiki,65.38972590170573,0.9034532920985612,0.922879414601482,fewshot
gpt2-xl-few-shot-k-64-finetuned-seed-4,gpt,squadshifts_nyt,71.48067986635647,0.7372207239647963,0.8313456380609523,fewshot
gpt2-xl-few-shot-k-64-finetuned-seed-4,gpt,squadshifts_reddit,64.81721526443,0.8362197822007076,0.8598032031731293,fewshot
gpt2-xl-few-shot-k-64-finetuned-seed-4,gpt,textbookqa,48.12630342558099,2.5250327276831186,2.3204691047975388,fewshot
gpt2-xl-few-shot-k-64-finetuned-seed-4,gpt,triviaqa-web,70.38191994261378,0.9370138906268012,0.9531798858386508,fewshot
gpt2_xl_finetuned,gpt,bioasq,59.514019173358896,2.3448530766270963,2.3112481604102726,finetuned
gpt2_xl_finetuned,gpt,drop,45.25961175661773,2.314067659626538,2.1899199159678204,finetuned
gpt2_xl_finetuned,gpt,duorc.paraphraserc,56.08017214113143,2.105133194032192,2.184519182978619,finetuned
gpt2_xl_finetuned,gpt,hotpotqa,66.29357494091342,1.044356977757701,1.1066036747422885,finetuned
gpt2_xl_finetuned,gpt,naturalquestionsshort,61.17884628000146,0.7312156162310401,0.7173330500339716,finetuned
gpt2_xl_finetuned,gpt,newsqa,53.02530237132447,1.243503962654998,1.228435579276038,finetuned
gpt2_xl_finetuned,gpt,race,44.40372622256575,3.214509210758401,3.371838571791642,finetuned
gpt2_xl_finetuned,gpt,relationextraction,83.8328351506778,1.1453324161516605,1.1326598972036095,finetuned
gpt2_xl_finetuned,gpt,searchqa,34.44088852894902,0.6445567201090725,0.7166399985302192,finetuned
gpt2_xl_finetuned,gpt,squad,87.66957281150547,0.5264710184101205,0.5615194319059214,finetuned
gpt2_xl_finetuned,gpt,squadshifts_amazon,78.66021233693817,0.6549352575853504,0.7377878643333275,finetuned
gpt2_xl_finetuned,gpt,squadshifts_new_wiki,84.6365936475422,0.6439572750260254,0.6931972954561161,finetuned
gpt2_xl_finetuned,gpt,squadshifts_nyt,85.87724136497593,0.5704873601275011,0.6278735985341086,finetuned
gpt2_xl_finetuned,gpt,squadshifts_reddit,79.63340155327629,0.704388170035827,0.705460235753776,finetuned
gpt2_xl_finetuned,gpt,textbookqa,50.83217250041493,2.390028632097092,2.4003512770452886,finetuned
gpt2_xl_finetuned,gpt,triviaqa-web,64.75305059226572,1.034766896830881,0.9321764993729856,finetuned
gpt-neo-finetuned,gpt-neo,squad,86.21582586712951,0.5647853990523544,0.5890354893465855,finetuned
gpt-neo-finetuned,gpt-neo,squadshifts_nyt,85.34745788744777,0.6001611637469892,0.5536672856662506,finetuned
gpt-neo-finetuned,gpt-neo,squadshifts_amazon,76.59976258231512,0.7329977863639385,0.6897610953948003,finetuned
gpt-neo-finetuned,gpt-neo,squadshifts_reddit,78.33019547909822,0.7332028240299309,0.7071469852295849,finetuned
gpt-neo-finetuned,gpt-neo,squadshifts_new_wiki,84.55724769091933,0.6383768323762808,0.7100838102379754,finetuned
gpt-neo-finetuned,gpt-neo,race,43.88299333344626,3.268878497804401,3.3932578419391106,finetuned
gpt-neo-finetuned,gpt-neo,relationextraction,83.58750269028428,1.2383028126329236,1.1534321908303866,finetuned
gpt-neo-finetuned,gpt-neo,textbookqa,50.614141240782594,2.3970718956273203,2.3432269224961075,finetuned
gpt-neo-finetuned,gpt-neo,bioasq,67.63853158700697,2.21039092645232,2.1593130572721577,finetuned
gpt-neo-finetuned,gpt-neo,drop,41.76999610133339,2.382734406312217,2.304190366815149,finetuned
gpt-neo-finetuned,gpt-neo,newsqa,59.977972796014,1.2302517185320951,1.3702792135436468,finetuned
gpt-neo-finetuned,gpt-neo,duorc.paraphraserc,60.57117174039213,2.3211672709922624,2.378765716665569,finetuned
gpt-neo-finetuned,gpt-neo,triviaqa-web,71.3718405336904,0.9488587199571584,0.8672098543002562,finetuned
gpt-neo-finetuned,gpt-neo,searchqa,37.847929397264174,0.6683775074484615,0.6857068611685051,finetuned
gpt-neo-finetuned,gpt-neo,hotpotqa,65.70447522852665,1.066097075362876,1.0948823645716743,finetuned
gpt-neo-finetuned,gpt-neo,naturalquestionsshort,58.0213362581571,0.7161251763159697,0.7160674719473121,finetuned